rowid,Article Number,Core Sentence,Definition,Subject,Subject type,Action,Delegation Type,Derogation Binary,Derogation Details,Dilution Binary,Dilution Details,Instrument,Domain,Object,Object Type,celex_number,article_chunk,gpt_input_level,gpt_input_text,Subject Type,source_row_id
1405,2,The Welsh Ministers must consult before making regulations under section 3.,No,Welsh Ministers,Government,Consult before making regulations,Minor Procedural Delegation,No,None,No,None,Consultation Requirement,Environmental Policy,Regulations,Process,mwa/2010/8,All,full,"Section 1: Charges for single use carrier bags: destination of proceeds
(1) Schedule 6 to the Climate Change Act 2008 is amended in accordance with this section.
(2) After paragraph 4 insert–
(3) After paragraph 7(3) insert–
(4) After paragraph 8(2) insert–“Destination of proceeds – Wales
4A (1) This paragraph applies to regulations made by the Welsh Ministers in relation to Wales.
(2) The regulations may provide for the application of the net proceeds of the charge to specified purposes.
(3) Regulations under sub-paragraph (2) may (among other things)–
(a) require sellers to apply the net proceeds of the charge to any one or more specified purposes;
(b) provide for any duty imposed under paragraph (a) to be discharged (subject to any provision made under paragraph (c)) by the net proceeds of the charge being accepted by any one or more of the following persons–
(i) specified persons;
(ii) persons who fall within a specified category of person;
(c) make provision about the arrangements under which the net proceeds of the charge are to be given by sellers to the persons mentioned in paragraph (b) or any other person;
(d) require persons who accept any net proceeds of the charge under paragraph (b) to apply the proceeds to any one or more specified purposes;
(e) provide for recovery by the Welsh Ministers of sums equal to the proceeds of the charge that have been accepted or applied otherwise than in accordance with provision made under sub-paragraph (2);
(f) provide for the application of sums recovered under paragraph (e) to specified purposes (this includes making provision to the effect that such sums are not to be paid into the Welsh Consolidated Fund);
(g) require the Welsh Ministers to give guidance about compliance with the regulations.
(4) The purposes that may be specified under sub-paragraph (2) are limited to purposes relating to any of the following–
(a) preventing or reducing waste;
(b) the collection, management, treatment or disposal of waste;
(c) protecting or improving the environment in relation to pollution or nuisances;
(d) educational or recreational activities for children or young people which relate to any of the matters specified in paragraphs (a) to (c).
(5) But purposes concerning the production of renewable energy for consumption in transport or the use of that energy in transport may not be specified under sub-paragraph (2).
(6) The regulations may make provision for regulations under this Schedule to apply to persons other than sellers, if the Welsh Ministers consider that such provision is appropriate for the enforcement of provision made under sub-paragraph (2) or for otherwise making such provision effective.
(7) The specified factors under paragraph 3(2)(c) may also include–
(a) a seller’s arrangements for applying the net proceeds of the charge, or
(b) any other factor that the Welsh Ministers consider appropriate, whether or not that factor is of the same kind as the factors listed in that paragraph.
(8) The regulations may provide for exceptions and exemptions.
Interpretation of paragraph 4A
4B (1) This paragraph applies for the purposes of paragraph 4A.
(2) “Children” means persons who have not attained the age of 18.
(3) “Pollution” means pollution of the air, water or land which may give rise to any environmental harm, including (but not limited to) pollution caused by light, noise, heat or vibrations or any other kind of release of energy.
(4) For the purposes of the definition in sub-paragraph (3), “environmental harm” means any of the following–
(a) harm to the health of humans and other living organisms;
(b) harm to the quality of the environment, including–
(i) harm to the quality of the environment taken as a whole,
(ii) harm to the quality of the air, water or land, and
(iii) other impairment of, or interference with, the ecological systems of which any living organisms form part;
(c) offence to the senses of human beings;
(d) damage to property;
(e) impairment of, or interference with, the amenity of the environment or any legitimate use of the environment.
(5) For the purposes of sub-paragraphs (3) and (4), “air” includes (but is not limited to) air within buildings and air within other natural or man-made structures above or below ground.
(6) “Nuisance” means an act or omission affecting any place, or a state of affairs in any place, which may impair, or interfere with, the amenity of the environment or any legitimate use of the environment.
(7) “Net proceeds of the charge” has the same meaning as in paragraph 7(4).
(8) “Young people” means persons who have attained the age of 18, but not the age of 25. ” .”
“ (3A) Regulations made by the Welsh Ministers may also require the publication or supply of records or information relating to the amount received by a person from a seller by way of net proceeds of the charge to be applied to purposes specified under paragraph 4A(2). ” .”
“ (2A) Regulations made by the Welsh Ministers may also confer powers on an administrator to question a person the administrator reasonably believes has received any net proceeds of the charge or officers or employees of such a person. ” .”

Section 2: Regulations: procedure
In section 77 of the Climate Change Act 2008, after subsection (4)(a) insert–“ (aa) they are the first regulations to be made by the Welsh Ministers under paragraph 4A of the Schedule, ” .”

Section 3: Waste targets
(1) The recycling, preparation for re-use and composting targets are specified in subsections (2) and (3).
(2) A local authority must secure the recovery, by means of any of the operations specified in subsection (5), of at least the target amount of its municipal waste from–
(2)(a) each target financial year, and
(2)(b) each subsequent financial year until the next target financial year.
(3) In the following table–
(3)(a) column 1 specifies the target amount for a target financial year (and the financial years falling within subsection (2)(b)), and
(3)(b) column 2 specifies the target financial year to which the target amount in the corresponding entry in column 1 applies.
(4) The Welsh Ministers may amend this table by order.
(5) The operations referred to in subsection (2) are–
(5)(a) recycling;
(5)(b) preparation for re-use;
(5)(c) composting (including any other form of transformation by biological processes).
(6) The Welsh Ministers may make provision by order for establishing whether waste is recycled, prepared for re-use, or composted for the purposes of the targets under this section.
(7) A local authority that does not meet a recycling, preparation for re-use and composting target is liable to a penalty to be paid to the Welsh Ministers.
(8) For the purposes of this section, a local authority’s municipal waste from a target financial year is the total amount by weight of each of the following–
(8)(a) all waste collected in that year by a local authority under section 45 of the Environmental Protection Act 1990;
(8)(b) all waste deposited in that year at places provided by a local authority under subsections (1)(b) and (3) of section 51 of that Act;
(8)(c) such other waste as may be specified by order of the Welsh Ministers.
(9) In this section, “financial year” means a period of 12 months ending on 31 March.

Section 4: Regulations to set waste targets
(1) The Welsh Ministers may by regulations–
(1)(a) specify waste targets to be met by a local authority in exercising its functions;
(1)(b) specify indicators by reference to which a local authority’s achievement of targets under paragraph (a) can be measured;
(1)(c) impose liability on a local authority to pay a penalty to the Welsh Ministers if a target under paragraph (a) is not met.
(2) For the purposes of subsection (1)(a), “waste targets” are targets relating to preventing, reducing, collecting, managing, treating or disposing of waste.

Section 5: Monitoring and auditing compliance with targets
(1) The Welsh Ministers may make provision by regulations–
(1)(a) about how compliance with any relevant target is to be assessed;
(1)(b) about arrangements for monitoring and auditing compliance with any relevant target;
(1)(c) conferring powers of entry and inspection in connection with such monitoring and auditing for persons authorised by the Welsh Ministers;
(1)(d) requiring the maintenance of records by a local authority in connection with relevant targets;
(1)(e) requiring the provision of information by a local authority to specified persons in a specified form or manner in connection with relevant targets;
(1)(f) requiring the publication of information in connection with relevant targets;
(1)(g) imposing liability on a local authority to pay a penalty if it fails to comply with a requirement in regulations under any of paragraphs (b) to (f).
(2) In this section, “relevant targets” are–
(2)(a) the recycling, preparation for re-use and composting targets under section 3;
(2)(b) any waste targets under section 4(1)(a).

Section 6: Regulations about penalties
(1) This section applies to penalties under section 3(7), section 4(1)(c) and section 5(1)(g).
(2) The Welsh Ministers may by regulations–
(2)(a) specify the amounts of penalties or rules for calculating their amounts;
(2)(b) make provision as to when payments in respect of penalties are due;
(2)(c) make provision for interest where payments in respect of penalties are due but unmade;
(2)(d) make provision for recovering or setting off, and securing, unpaid amounts in respect of penalties and interest;
(2)(e) make provision about waiver of penalties.

Section 7: Guidance
In exercising its functions under sections 3 to 6 a local authority must have regard to guidance given from time to time by the Welsh Ministers.

Section 8: Consultation
(1) Before making an order or regulations under section 3 or regulations under sections 4, 5 or 6, or giving guidance under section 7, the Welsh Ministers must consult the following–
(1)(a) the Environment Agency;
(1)(b) each local authority;
(1)(c) such other persons as the Welsh Ministers consider appropriate.
(2) For the purposes of subsection (1), consultation undertaken before the passing of this Measure has effect as if undertaken after that passing.

Section 9: Landfill
(1) The Welsh Ministers may by regulations make provision for and in connection with prohibiting or otherwise regulating the deposit of specified kinds of waste in a landfill in Wales.
(2) Regulations under subsection (1) may (among other things)–
(2)(a) amend regulations made under section 2 of the Pollution Prevention and Control Act 1999 which relate to the operation of a landfill;
(2)(b) provide for offences in relation to failure to comply with provision made under the regulations;
(2)(c) provide for penalties in relation to such offences;
(2)(d) provide for enforcement authorities and the functions of such authorities.
(3) In subsection (1), “landfill” has the meaning given in Article 2(g) of Council Directive  1999/31/EC  of 26 April 1999 on the landfill of waste.

Section 10: Civil sanctions in respect of the deposit of waste in a landfill
(1) This section applies where the power to make regulations in section 9(1) has been or is being exercised so as to create an offence.
(2) Regulations under section 9(1) may make provision, in relation to an enforcement authority, which could be made by an order under Part 3 of the Regulatory Enforcement and Sanctions Act 2008 (“RESA 2008”) as if, for the purposes of Part 3 of that Act–
(2)(a) the enforcement authority were a regulator, and
(2)(b) the offence were a relevant offence in relation to that regulator.
(3) But in their application to offences created by regulations under section 9(1)–
(3)(a) sections 39(4) and 42(6) of RESA 2008 do not apply, and
(3)(b) section 49(1) is modified so that the reference to “£20,000” is to be read as a reference to “level 5 on the standard scale”.
(4) Sections 63 to 69 of RESA 2008 apply to provision made under or by virtue of regulations under subsection (2) as they apply to provision made under or by virtue of Part 3 of RESA 2008.
(5) For the purposes of subsection (4), the references to a “regulator” in sections 63 to 69 of RESA 2008 are to be read as references to an enforcement authority.
(6) In this section, “enforcement authority” means a person who has an enforcement function in relation to an offence created by regulations under section 9(1).

Section 11: Consultation
(1) Before making any regulations under section 9 the Welsh Ministers must consult the following–
(1)(a) the Environment Agency;
(1)(b) each local authority;
(1)(c) such persons appearing to them to be representative of the interests of persons liable to be subject to duties under the regulations as they consider appropriate;
(1)(d) such other persons as they consider appropriate.
(2) For the purposes of subsection (1), consultation undertaken before the passing of this Measure has effect as if undertaken after that passing.

Section 12: Site waste management plans
(1) The Welsh Ministers may by regulations make provision requiring persons of a specified description–
(1)(a) to prepare plans for the management and disposal of waste created in the course of specified descriptions of works in Wales involving construction or demolition;
(1)(b) to comply with such plans.
(2) Regulations may also include provision as to–
(2)(a) the circumstances in which plans must be prepared;
(2)(b) the contents of plans;
(2)(c) enforcement authorities in relation to plans and the functions of such authorities;
(2)(d) the keeping of plans and their production to enforcement authorities;
(2)(e) the making of schemes by the Welsh Ministers or an enforcement authority which impose requirements on persons of a specified description to pay fees or other charges as a means of recovering the reasonable costs incurred by an enforcement authority in performing its functions under this section.
(3) Descriptions of works that may be specified under subsection (1) include (among other things) description by reference to the cost or likely cost of such works.
(4) Any regulations made by the Welsh Ministers under section 54 of the Clean Neighbourhoods and Environment Act 2005 that are in force immediately before this Part comes into force have effect as if made under this section and section 13.
(5) In this section, “Wales” does not include any area of the sea adjacent to Wales.

Section 13: Offences and penalties
(1) The Welsh Ministers may make provision by regulations for–
(1)(a) offences in relation to failure to comply with provision made under section 12;
(1)(b) penalties in relation to such offences;
(1)(c) the discharging of liability for an offence under paragraph (a) by the payment of a fixed penalty to an enforcement authority under section 12;
(1)(d) about the uses to which payments under paragraph (c) may be put by enforcement authorities exercising functions under section 12.
(2) The regulations may not create offences that are–
(2)(a) punishable by imprisonment, or
(2)(b) punishable on summary conviction by a fine exceeding £50,000.
(3) The regulations may not create offences for failure to comply with provision made under section 12(2)(e) that are punishable on summary conviction by a fine exceeding level 5 on the standard scale.

Section 14: Civil sanctions in respect of site waste management plans
(1) This section applies where the power to make regulations in section 13 has been or is being exercised so as to create an offence.
(2) Regulations may make provision, in relation to an enforcement authority, which could be made by an order under Part 3 of the Regulatory Enforcement and Sanctions Act 2008 (“RESA 2008”) as if, for the purposes of Part 3 of that Act–
(2)(a) the enforcement authority were a regulator, and
(2)(b) the offence were a relevant offence in relation to that regulator.
(3) But section 49(1) of RESA 2008 is modified in its application to offences created by the regulations so that the reference to “£20,000” is to be read as a reference to “level 5 on the standard scale”.
(4) Sections 63 to 69 of RESA 2008 apply to provision made under or by virtue of regulations under section 13 as they apply to provision made under or by virtue of Part 3 of RESA 2008.
(5) For the purposes of subsection (4), the references to a “regulator” in sections 63 to 69 of RESA 2008 are to be read as references to an enforcement authority.
(6) In this section, “enforcement authority” means a person who has an enforcement function in relation to an offence created by regulations under section 13.

Section 15: Guidance
A person who is an enforcement authority under section 12 must have regard to guidance given from time to time by the Welsh Ministers when exercising the functions of an enforcement authority.

Section 16: Consultation
(1) Before making any regulations under section 12, the Welsh Ministers must consult the following–
(1)(a) the Environment Agency;
(1)(b) each local authority;
(1)(c) such persons appearing to them to be representative of the interests of persons liable to be subject to duties under the regulations as they consider appropriate;
(1)(d) such other persons as they consider appropriate.
(2) For the purposes of subsection (1), consultation undertaken before the passing of this Measure has effect as if undertaken after that passing.

Section 17: General
(1) In this Measure– “function” (“swyddogaeth”) means power or duty; “local authority” (“awdurdod lleol”) means a county or county borough council in Wales; “specified” (“pennu”) means specified in regulations made by the Welsh Ministers; “waste” (“gwastraff”) means anything that–
(1)(a) is waste for the purposes of the Waste Framework Directive, and
(1)(b) is not excluded from the scope of that Directive by Article 2 of that Directive.
(2) For the purposes of the definition of “waste” in subsection (1), “the Waste Framework Directive” means Directive  2008/98/EC  of the European Parliament and of the Council of 19 November 2008 on waste and repealing certain Directives.

Section 18: Minor and consequential amendments
The Schedule contains minor and consequential amendments.

Section 19: Orders and regulations
(1) Any power of the Welsh Ministers to make an order or regulations under this Measure is exercisable by statutory instrument.
(2) Any power of the Welsh Ministers to make an order or regulations under this Measure includes power–
(2)(a) to make different provision for different cases or classes of case, different areas, different persons or descriptions of person or different purposes;
(2)(b) to make different provision to apply at different times;
(2)(c) to make provision generally or in relation to specific cases;
(2)(d) to make incidental, supplementary, consequential, transitory, transitional or saving provision as the Welsh Ministers think fit.
(3) Any provision that may be made by order under this Measure may be made by regulations.
(4) Any provision that may be made by regulations under this Measure may be made by order.

Section 20: Orders and regulations: procedures
(1) Any statutory instrument containing an order or regulations made under this Measure is subject to annulment in pursuance of a resolution of the National Assembly for Wales.
(2) Subsection (1) does not apply to–
(2)(a) an order under section 21(1);
(2)(b) orders and regulations to which subsection (3) applies.
(3) A statutory instrument containing an order under section 3(4) or regulations under section 4, 5(1)(g), 6, 9, or 14 (whether alone or with other provisions) may not be made unless a draft of the instrument has been laid before, and approved by a resolution of, the National Assembly for Wales.
(4) Where regulations make provision that may be made by order, any procedure that would apply to the order under this section applies to the regulations.
(5) Where an order makes provision that may be made by regulations, any procedure that would apply to the regulations under this section applies to the order.

Section 21: Commencement
(1) Section 3 comes into force in accordance with provision made by the Welsh Ministers by order.
(2) The remaining provisions of this Measure come into force at the end of a period of two months beginning on the day on which this Measure is approved by Her Majesty in Council.

Section 22: Short title
This Measure may be cited as the Waste (Wales) Measure 2010. (introduced by section 18)",NA,1404
859,26(2),The authorised undertaker shall serve notice of intended entry on owners and occupiers 28 days before entry.,No,Authorised undertaker,Organization,Serve notice,Minor Procedural Delegation,No,None,No,None,Notification Obligation,Construction,"Landowners, Occupiers",Organization,asp/2006/6,Section 26,article,"Section 26: Temporary use of land for construction of works
(1) The authorised undertaker may, in connection with the carrying out of the authorised works—
(1)(a) enter upon and take temporary possession of the land specified in columns (1) and (2) of schedule 7 (Land of which temporary possession may be taken) for the purpose specified in relation to that land in column (3) of that schedule relating to the authorised works specified in column (4) of that schedule,
(1)(b) remove any buildings and vegetation from that land, and
(1)(c) construct temporary works (including the provision of means of access) and buildings on the land.
(2) Not less than 28 days before entering upon and taking possession of land under this section, the authorised undertaker shall serve notice of the intended entry on the owners and occupiers of the land.
(3) The authorised undertaker may not, without the agreement of the owners of the land, remain in possession of any land under this section after the end of the period of one year beginning with the date of completion of the work or works specified in relation to that land in column (4) of schedule 7.
(4) Before giving up possession of land of which temporary possession has been taken under this section, the authorised undertaker shall remove all temporary works and restore the land to the reasonable satisfaction of the owners of the land; but the authorised undertaker shall not be required to replace a building removed under this section.
(5) The authorised undertaker shall pay compensation to the owners and occupiers of land of which temporary possession is taken under this section for any loss or damage arising from the exercise in relation to the land of the powers conferred by this section.
(6) Any dispute as to a person’s entitlement to compensation under subsection (5), or as to the amount of compensation, shall be determined under the 1963 Act.
(7) Nothing in this section shall affect any liability to pay compensation in respect of loss or damage arising from the execution of any works, other than loss or damage for which compensation is payable under subsection (5).
(8) Where the authorised undertaker takes possession of land under this section, it shall not be required to acquire the land or any interest in it.
(9) In this section “building” includes any structure or any other erection.",NA,858
285,11(8),"If Senedd Cymru votes on a motion for a resolution to approve a statutory instrument and the motion is not passed, the instrument ceases to have effect at the end of the day on which the vote takes place.",No,Senedd Cymru,Legislative Body,Vote on statutory instrument approval.,None,No,None,No,None,Voting,Legislative,Statutory Instrument,Systemic Condition,asc/2021/2,All,full,"Section 1: The 2021 election
In this Act, “the 2021 election” means the ordinary general election for membership of Senedd Cymru the poll for which is due to be held in 2021.

Section 2: Application of provisions of Government of Wales Act 2006
(1) Subsections (2) to (4) of section 3 of the 2006 Act (dissolution of Senedd Cymru before an ordinary general election and date of first meeting after the election) do not apply to the 2021 election.
(2) Section 3(1) of the 2006 Act (day on which the poll at an ordinary general election is held) has effect subject to the provisions of section 6.
(3) Section 4(2)(c) of the 2006 Act (period within which Senedd Cymru must meet where the day of poll is varied by proclamation) does not apply to the 2021 election.
(4) Section 10 of the 2006 Act (constituency vacancies) has effect subject to the provisions of section 10.

Section 3: Dissolution of the current Senedd
(1) For the purpose of the holding of the poll for the 2021 election, Senedd Cymru is dissolved on 29 April 2021, unless—
(1)(a) the Llywydd exercises the power conferred by section 6 (power to postpone 2021 election for up to 6 months), or
(1)(b) Her Majesty dissolves Senedd Cymru before that day by proclamation under section 4(2) of the 2006 Act (power to vary date of Senedd ordinary general election).
(2) If the Llywydd exercises the power conferred by section 6, Senedd Cymru is dissolved at the beginning of the period of 7 days that ends immediately before the day fixed for the holding of the poll, unless subsection (3) applies.
(3) This subsection applies where, before the day on which Senedd Cymru is due to be dissolved in accordance with subsection (2), the Llywydd exercises the power conferred by section 6 again (and, accordingly, subsection (2) applies to that exercise of the power in turn).

Section 4: Guidance on exercise of functions in the pre-election period
(1) The First Minister must publish guidance about the exercise of the functions of the First Minister, the Welsh Ministers and the Counsel General during the pre-election period for the 2021 election.
(2) The First Minister, the Welsh Ministers and the Counsel General must have regard to the guidance.
(3) The First Minister must determine the pre-election period for the 2021 election for the purpose of this section.
(4) The period determined must include the period of 30 days ending with the day fixed for the holding of the poll for the 2021 election.
(5) The guidance must be published before the end of the period of 14 days beginning with the day on which this Act receives Royal Assent.

Section 5: Date of first meeting after the 2021 election
Senedd Cymru must meet within the period of 21 days beginning immediately after the day on which the poll for the 2021 election is held.

Section 6: Power to postpone 2021 election for up to 6 months
(1) The First Minister for Wales (“the First Minister”) may propose to the Llywydd that the poll for the 2021 election is postponed if, for a reason relating to coronavirus, the First Minister considers it necessary or appropriate to do so.
(2) But before making a proposal under subsection (1), the First Minister must consult the member of staff of the Welsh Government designated by the Welsh Ministers as the Chief Medical Officer for Wales.
(3) Following a proposal from the First Minister, the Llywydd may fix a day for the holding of the poll for the 2021 election if—
(3)(a) Senedd Cymru approves the day to be fixed by a resolution passed on a vote in which the number of Senedd Members voting in favour of it is not less than two-thirds of the total number of Senedd seats, and
(3)(b) Senedd Cymru has not been dissolved.
(4) When fixing a day for the holding of the poll the Llywydd—
(4)(a) must fix a day that is the earliest day the Llywydd considers to be reasonably practicable;
(4)(b) must not fix a day that is after 5 November 2021.
(5) As soon as reasonably practicable after fixing a day for the holding of the poll, the Llywydd must lay before Senedd Cymru a statement of—
(5)(a) the day fixed for the holding of the poll, and
(5)(b) the reason for the exercise of the power to fix a day.
(6) The Electoral Commission must provide advice in relation to postponement of the poll if requested to do so by the Llywydd or the First Minister.
(7) The powers in subsections (1) and (3) may be exercised more than once.
(8) The First Minister must lay a statement before Senedd Cymru on or before 24 March 2021 setting out whether or not the First Minister intends to exercise the power in subsection (1).
(9) If the First Minister does not intend to exercise the power, the statement must set out—
(9)(a) the reasons for not exercising the power, and
(9)(b) whether, in the First Minister’s view, a full and fair election campaign can be conducted by all persons seeking election in the 2021 election which does not disadvantage any person eligible to vote in that election.
(10) Any intention expressed in the statement under subsection (8) does not affect the exercise of the power in subsection (1).
(11) Nothing in this section limits the power in section 4 of the 2006 Act to vary the date of an ordinary general election for membership of Senedd Cymru.
(12) The Welsh Ministers must publish the criteria to be used by the First Minister for determining whether it is necessary or appropriate to postpone the poll for the 2021 election for a reason relating to coronavirus under subsection (1).
(13) The criteria must be published before the end of the period of 14 days beginning with the day on which this Act receives Royal Assent.

Section 7: Power to provide for additional polling days
(1) This section applies if the day for the holding of the poll of the 2021 election is fixed under section 6.
(2) The Welsh Ministers may, by regulations made by statutory instrument, provide that polling that would otherwise be required to take place only on the date fixed under section 6 may take place on one or more additional days specified in the regulations.
(3) Regulations under subsection (2) may—
(3)(a) specify a day only if it falls within the period of 7 days immediately preceding the day fixed for the holding of the poll;
(3)(b) require polling on additional days to take place at particular locations or descriptions or categories of locations specified in the regulations;
(3)(c) modify the meaning of a relevant reference so far as it relates to provision made in the regulations.
(4) In subsection (3), a “relevant reference” means a reference (however expressed) in any enactment or document to the day or date of the poll at the 2021 election.
(5) The Electoral Commission must provide advice in relation to the exercise of the power in subsection (2) if requested to do so by the Welsh Ministers.
(6) When laying draft regulations under subsection (7) before Senedd Cymru, the Welsh Ministers must at the same time lay before Senedd Cymru a statement of the reasons for the regulations.
(7) A statutory instrument containing regulations under subsection (2) must be laid before Senedd Cymru and ceases to have effect on the expiry of 28 days beginning with the day it is made unless, before the expiry of that period, it is approved by resolution of Senedd Cymru.
(8) But if—
(8)(a) Senedd Cymru votes on a motion for a resolution to approve a statutory instrument laid under subsection (7) before the expiry of the period of 28 days mentioned in that subsection, and
(8)(b) the motion is not passed,
(8)(c) the instrument ceases to have effect at the end of the day on which the vote takes place.
(9) In calculating any period of 28 days for the purposes of subsection (7), no account is to be taken of any period during which Senedd Cymru is—
(9)(a) dissolved, or
(9)(b) in recess for more than 4 days.
(10) Subsections (7) and (8) do not—
(10)(a) affect anything done in reliance on the regulations before they ceased to have effect, or
(10)(b) prevent the making of new regulations.
(11) Regulations under subsection (2) have no effect where the poll at the 2021 election and the poll at the ordinary election of police and crime commissioners for police areas in Wales are to be taken together under article 16A of the 2007 Order.
(12) In subsection (11), “ordinary election of police and crime commissioners for police areas” has the meaning given in section 50 of the  Police Reform and Social Responsibility Act 2011 (c. 13) .

Section 8: Further power to vary date of 2021 election
(1) This section applies if the day for the holding of the poll of the 2021 election is fixed under section 6.
(2) The Llywydd may propose, for the holding of the poll, a day which is not more than one month earlier, nor more than one month later, than the day fixed under section 6.
(3) The power under subsection (2) may not be exercised so as to propose a date after 5 November 2021.
(4) If the Llywydd proposes a day under subsection (2), Her Majesty may by proclamation under the Welsh Seal—
(4)(a) dissolve Senedd Cymru;
(4)(b) require the poll at the election to be held on the day proposed.
(5) As soon as reasonably practicable after a proclamation is made under subsection (4), the Llywydd must publish a statement of—
(5)(a) the day on which the poll is to be held, and
(5)(b) the reason for the exercise of the Llywydd’s power under subsection (2).

Section 9: Guidance on election campaigning
(1) The Welsh Ministers must issue guidance to persons undertaking election campaigning activities for the purpose of an election specified in subsection (2) about how they may undertake those activities in accordance with enactments imposing restrictions relating to the control of coronavirus.
(2) The elections are—
(2)(a) the 2021 election;
(2)(b) an election to be held before 6 November 2021 under section 10 of the 2006 Act to fill a vacant constituency member seat;
(2)(c) an election to be held before 6 November 2021 to fill a casual vacancy in the office of councillor in a county council, county borough council or community council in Wales.
(3) The duty in subsection (1) only applies if, and so far as, restrictions imposed by an enactment affect election campaigning activities for the purpose of an election specified in subsection (2).

Section 10: Power to postpone Senedd by-elections
(1) This section applies after 6 May 2021 where an election is to be held under section 10 of the 2006 Act to fill a vacant constituency member seat (“a Senedd by-election”).
(2) The Llywydd may fix a date for the holding of the poll for a Senedd by-election that is outside the period required under section 10(5) or (6) of the 2006 Act.
(3) When fixing a day under subsection (2), the Llywydd must fix a day that is the earliest day the Llywydd considers to be reasonably practicable.
(4) The power under subsection (2)—
(4)(a) may be exercised more than once, and
(4)(b) may not be exercised so as to fix a date after 5 November 2021.
(5) Before exercising the power under subsection (2), the Llywydd must consult the Welsh Ministers.

Section 11: Power to postpone local authority by-elections
(1) The Welsh Ministers may, by regulations made by statutory instrument, provide—
(1)(a) that the poll for a local authority by-election is to be held on a date, or within a period, specified in the regulations;
(1)(b) that the poll for a local authority by-election that would otherwise be required to be held on a date that falls within a period specified in the regulations is instead to be held on a later date, or within another period, specified in the regulations.
(2) In this section, a “local authority by-election” is an election where—
(2)(a) the date of the poll for the election falls within the period beginning with 6 May 2021 and ending with 5 November 2021, and
(2)(b) it is an election to fill a casual vacancy in the office of councillor in a county council, county borough council or community council in Wales.
(3) Regulations under subsection (1) must not specify—
(3)(a) a date after 5 November 2021, or
(3)(b) a period ending after 5 November 2021.
(4) The power to make regulations under subsection (1) may be exercised more than once in respect of any local authority by-election.
(5) Regulations under subsection (1) may make provision by reference to local authority by-elections of a description specified in the regulations (for example, by reference to the nature, date or location of the elections).
(6) The power to make regulations under subsection (1) includes the power to amend, modify, repeal or revoke any enactment.
(7) Subsection (8) applies to a statutory instrument containing regulations under subsection (1) that amend, modify or repeal provision contained in primary legislation.
(8) A statutory instrument to which this subsection applies must be laid before Senedd Cymru and ceases to have effect on the expiry of 28 days beginning with the day it is made unless, before the expiry of that period, it is approved by resolution of Senedd Cymru.
(9) But if—
(9)(a) Senedd Cymru votes on a motion for a resolution to approve a statutory instrument laid under subsection (8) before the expiry of the period of 28 days mentioned in that subsection, and
(9)(b) the motion is not passed,
(9)(c) the instrument ceases to have effect at the end of the day on which the vote takes place.
(10) In calculating any period of 28 days for the purposes of subsection (8), no account is to be taken of any period during which Senedd Cymru is—
(10)(a) dissolved, or
(10)(b) in recess for more than 4 days.
(11) Subsections (8) and (9) do not—
(11)(a) affect anything done in reliance on the regulations before they ceased to have effect, or
(11)(b) prevent the making of new regulations.
(12) A statutory instrument containing regulations under subsection (1) to which subsection (8) does not apply is subject to annulment in pursuance of a resolution of Senedd Cymru.

Section 12: Orders and rules on the conduct of elections to be held in 2021
(1) Subsection (3) applies to a statutory instrument containing an order under section 13(1)(a) of the 2006 Act (power to make an order as to the conduct of Senedd elections) that contains provision that applies—
(1)(a) only to the 2021 election, or
(1)(b) only to an election under section 10 of the 2006 Act to fill a vacant constituency member seat the poll for which is to be held before 6 November 2021.
(2) Subsection (3) applies to a statutory instrument containing rules under section 36A of the  Representation of the People Act 1983 (c. 2)  (power to make rules in relation to the conduct of elections of councillors for local government areas in Wales) that apply only to an election to fill a casual vacancy in the office of councillor in a county council, county borough council or community council in Wales the poll for which is to be held before 6 November 2021.
(3) A statutory instrument to which this subsection applies must be laid before Senedd Cymru and ceases to have effect on the expiry of 28 days beginning with the day it is made unless, before the expiry of that period, it is approved by resolution of Senedd Cymru.
(4) But if—
(4)(a) Senedd Cymru votes on a motion for a resolution to approve a statutory instrument laid under subsection (3) before the expiry of the period of 28 days mentioned in that subsection, and
(4)(b) the motion is not passed,
(4)(c) the instrument ceases to have effect at the end of the day on which the vote takes place.
(5) In calculating any period of 28 days for the purposes of subsection (4), no account is to be taken of any period during which Senedd Cymru is—
(5)(a) dissolved, or
(5)(b) in recess for more than 4 days.
(6) Subsections (3) and (4) do not—
(6)(a) affect anything done in reliance on the order or rules before they ceased to have effect, or
(6)(b) prevent the making of a new order or new rules.

Section 13: Supplementary
(1) This Act does not affect the power of the Welsh Ministers to make an order under section 13 of the 2006 Act, but subsection (7) of that section (Senedd Cymru procedure) is subject to section 12.
(2) This Act does not affect the power of the Welsh Ministers to make rules under section 36 or section 36A of the  Representation of the People Act 1983 (c. 2) , but section 36A(10) (Senedd Cymru procedure) is subject to section 12.

Section 14: Modification of the 2007 Order
(1) The 2007 Order is modified in relation to the 2021 election as follows.
(2) Article 2(1) (interpretation) has effect as if it contained the definition of “coronavirus” given by section 16.
(3) In Article 84(2)(b) (timing of when a person becomes a candidate in relation to a Senedd general election) has effect as if—
(3)(a) for “any subsequent Assembly election” there were substituted “the ordinary general election for membership of Senedd Cymru the poll for which is, on the day on which this provision comes into force, due to be held on 6 May 2021”;
(3)(b) in paragraph (i), for sub-paragraph (aa) there were substituted—
(3)(c) “ (aa) which is 21 days before 6 May 2021, computed in accordance with rule 2 of the rules set out in Schedule 5; ” .
(3AB) The grounds are that—
(3AB)(a) the application is made as a result of the need to comply with an enactment relating to coronavirus or to follow guidance relating to coronavirus issued by the Welsh Ministers, and
(3AB)(b) the applicant became aware of the grounds after 5pm on the sixth day before the date of the poll at the election for which it is made. ”
(4) In Schedule 1, paragraph 7 (closing date for applications for absent voting at Senedd elections) has effect as if—
(4)(a) in sub-paragraph (2), after “sub-paragraph (3)” there were inserted “and sub-paragraph (3A)”;
(4)(b) after sub-paragraph (3) there were inserted—
(4)(c) “ (3A) Where an application—
(4)(a) to vote by proxy under article 9(1), or
(4)(b) for the appointment of a proxy under article 11(6) or (7)
(4)(f) is made on the grounds set out in sub-paragraph (3AB) the application shall be disregarded if it is received after 5pm on the day of the poll at the election for which it is made.
(5) In Schedule 5 (Senedd election rules)—
(5)(a) rule 1(1) (timetable for conduct of proceedings at a Senedd election), in the table, in the column headed “Time”, the entry corresponding to the entry “Delivery of nomination papers.” has effect as if—
(5)(a)(i) the reference to “10” were substituted by “9”;
(5)(a)(ii) the reference to “4” were substituted by “5”.
(5)(b) rule 4 (nomination of candidates at a Senedd constituency election) has effect as if after paragraph (1) there were inserted—
(5)(c) “ (1A) The constituency nomination paper may also be delivered on the candidate’s behalf by a person authorised by the candidate for the purpose if the candidate has given the person’s name and address to the returning officer in writing or electronically before or at the time the paper is delivered. ”
(5)(c) rule 6 (nomination of individual candidates at a Senedd regional election) has effect as if after paragraph (1) there were inserted—
(5)(e) “ (1A) The individual nomination paper may also be delivered on the candidate’s behalf by a person authorised by the candidate for the purpose if the candidate has given the person’s name and address to the returning officer in writing or electronically before or at the time the paper is delivered. ”
(5)(d) rule 9(1) (consent to nomination at a Senedd constituency election) has effect as if⁠—
(5)(d)(i) sub-paragraph (b) were omitted;
(5)(d)(ii) for sub-paragraph (c) there were substituted—
(5)(g) “ (c) is delivered at the place for the delivery of nomination papers or is delivered electronically to an electronic address for that purpose; and
(5)(d) is delivered within the time specified for the delivery of the nomination papers. ”
(5)(e) rule 9(2) (consent to nomination at a Senedd regional election) has effect as if—
(5)(e)(i) sub-paragraph (b) were omitted;
(5)(e)(ii) for sub-paragraph (c) there were substituted—
(5)(j) “ (c) is delivered at the place for the delivery of individual nomination papers or party nomination papers, or is delivered electronically to an electronic address for that purpose; and
(5)(d) is delivered within the time specified for the delivery of the nomination papers. ”

Section 15: Review: preparations for the holding of the poll
(1) The Welsh Ministers must carry out reviews of the preparations for the holding of the poll for the 2021 election.
(2) The first review must take place by 19 February 2021.
(3) Subsequent reviews must take place at least once in each subsequent period of 21 days up until the poll for the 2021 election is held.
(4) As soon as reasonably practicable after a review, the Welsh Ministers must lay before Senedd Cymru a statement summarising the result of the review and stating whether any postponement of the 2021 election is reasonably anticipated.

Section 16: General
In this Act— “the 2006 Act” (“ Deddf 2006 ”) means the  Government of Wales Act 2006 (c. 32) ; “the 2007 Order” (“ Gorchymyn 2007 ”) means the  National Assembly for Wales (Representation of the People) Order 2007 (S.I. 2007/236) ; “the 2021 election” (“ etholiad 2021 ”) has the meaning given by section 1; “coronavirus” (“ coronafirws ”) means severe acute respiratory syndrome coronavirus 2 (SARS-CoV-2); “the Llywydd” means the Presiding Officer of Senedd Cymru; “primary legislation” (“ deddfwriaeth sylfaenol ”) means— (a) a Measure passed under Part 3 of the  Government of Wales Act 2006 (c. 32) ; (b) an Act passed under Part 4 of that Act; (c) an Act of the Parliament of the United Kingdom.

Section 17: Power to make consequential and transitional provision etc.
(1) If the Welsh Ministers consider it necessary or appropriate for the purposes of, in consequence of, or for giving full effect to any provision of this Act or provision made under it, they may by regulations made by statutory instrument make—
(1)(a) supplementary, incidental or consequential provision;
(1)(b) transitional, transitory or saving provision.
(2) Regulations under subsection (1) may—
(2)(a) make retrospective provision in relation to a local authority by-election within the meaning given by section 11(2), including provision having effect in relation to times before the coming into force of this Act;
(2)(b) amend, modify, repeal or revoke any enactment (including provision contained in this Act);
(2)(c) make different provision for different purposes or areas.
(3) Subsection (4) applies to a statutory instrument containing regulations under subsection (1) that amend, modify or repeal provision contained in primary legislation.
(4) A statutory instrument to which this subsection applies must be laid before Senedd Cymru and ceases to have effect on the expiry of 28 days beginning with the day it is made unless, before the expiry of that period, it is approved by resolution of Senedd Cymru.
(5) But if—
(5)(a) Senedd Cymru votes on a motion for a resolution to approve a statutory instrument laid under subsection (4) before the expiry of the period of 28 days mentioned in that subsection, and
(5)(b) the motion is not passed,
(5)(c) the instrument ceases to have effect at the end of the day on which the vote takes place.
(6) In calculating any period of 28 days for the purposes of subsection (4), no account is to be taken of any period during which Senedd Cymru is—
(6)(a) dissolved, or
(6)(b) in recess for more than 4 days.
(7) Subsections (4) and (5) do not—
(7)(a) affect anything done in reliance on the regulations before they ceased to have effect, or
(7)(b) prevent the making of new regulations.
(8) A statutory instrument containing regulations under subsection (1) to which subsection (4) does not apply is subject to annulment in pursuance of a resolution of Senedd Cymru.

Section 18: Coming into force
This Act comes into force on the day after the day on which this Act receives Royal Assent.

Section 19: Short title
The short title of this Act is the Welsh Elections (Coronavirus) Act 2021.",NA,284
1171,72(3),Subsection (1) shall have effect as if references to works were to works of a description specified in column (3) of Part 1 of schedule 10.,No,None,None,Modify application,None,Yes,Modification for works of specified description in schedule 10.,Yes,Application modified based on description in schedule 10.,Modification,Heritage Conservation,Listed building,Organization,asp/2006/6,Section 72,article,"Section 72: Listed buildings and conservation areas
(1) If a listed building was such a building at the coming into force of this Act and is specified in columns (1) and (2) of Part 1 of schedule 10—
(1)(a) section 6 (Restriction on works affecting listed buildings) of the 1997 Act shall not apply to works carried out to such a building under the provisions of this Act;
(1)(b) to the extent that a notice issued in relation to the building under section 34(1) (Power to issue listed building enforcement notice) of the 1997 Act requires the taking of steps which would be rendered ineffective, or substantially ineffective, by works proposed to be carried out in exercise of the powers conferred by this Act, it shall not have effect, or, as the case may be, shall cease to have effect;
(1)(c) no steps may be taken in relation to the building under section 38(1) (Execution of works required by listed building enforcement notice) of the 1997 Act which would be rendered ineffective, or substantially ineffective, by such works as are mentioned in paragraph (b); and
(1)(d) no works may be executed for the preservation of the building under section 49 (Urgent works to preserve unoccupied listed buildings) of the 1997 Act which would be rendered ineffective, or substantially ineffective, by such works as are mentioned in paragraph (b).
(2) If a listed building was such a building at the coming into force of this Act and is not specified in Part 2 of schedule 10—
(2)(a) section 6 of the 1997 Act shall not apply to works carried out to such a building under the provisions of section 16 (Attachment of equipment to buildings for purposes of works);
(2)(b) to the extent that a notice issued in relation to the building under section 34(1) of the 1997 Act requires the taking of steps which would be rendered ineffective, or substantially ineffective, by works proposed to be carried out in exercise of the powers conferred by section 16, it shall not have effect, or, as the case may be, shall cease to have effect;
(2)(c) no steps may be taken in relation to the building under section 38(1) of the 1997 Act which would be rendered ineffective, or substantially ineffective, by such works as are mentioned in paragraph (b) of this subsection; and
(2)(d) no works may be executed for the preservation of the building under section 49 of the 1997 Act which would be rendered ineffective, or substantially ineffective, by such works as are mentioned in paragraph (b) of this subsection.
(3) In the case of any building specified in columns (1) and (2) of Part 1 of schedule 10 in relation to which any description of works is specified in column (3) of that Part of that schedule, subsection (1) shall have effect as if the references to works carried out in exercise of the powers conferred by this Act were, so far as concerns works of demolition or alteration (as opposed to extension), to works so carried out which are of a description specified in relation to it in that column.
(4) Paragraphs (a) to (d) of subsections (1) and (2) shall also apply in relation to a listed building which was not such a building immediately before the coming into force of this Act.
(5) If a building included in a conservation area and not a listed building—
(5)(a) was not included in a conservation area immediately before the coming into force of this Act, or
(5)(b) was included in such an area immediately before that date and is specified in columns (1) and (2) of Part 1 of schedule 10,
(5)(c) section 66 (Control of demolition in conservation areas) of the 1997 Act shall not apply to the demolition of it in exercise of the powers conferred by this Act.
(6) Anything which, by virtue of section 1(4) (Listing of buildings of special architectural or historic interest) of the 1997 Act is treated as part of the building for the purposes of that Act, shall be treated as part of the building for the purposes of this section.
(7) Section 53 (Acts causing or likely to result in damage to listed buildings) of the 1997 Act shall not apply to anything done in exercise of the powers conferred by this Act with respect to works.
(8) In this section— “the 1997 Act” means the Planning (Listed Buildings and Conservation Areas) (Scotland) Act  1997 (c. 9) ; “building” and “listed building” have the same meaning as in the 1997 Act; “conservation area” means an area which is designated as a conservation area under the terms of the 1997 Act; and “works” includes the attachment of equipment to buildings authorised by section 16 (Attachment of equipment to buildings for purposes of works).",NA,1170
372,Section 13,The SPC may do anything calculated to facilitate the exercise of its functions.,No,SPC,Organization,Facilitate functions,Major Operational Delegation,No,None,Yes,Action is left to discretion.,Authorization Granting,Governance,Functions,Process,asc/2023/1,Section 13,article,"Section 13: Supplementary powers
The SPC may do anything which is calculated to facilitate, or which is conducive or incidental to, the exercise of its functions or the functions of a subgroup.",NA,371
902,34(2),The owner may serve a counter-notice objecting to the sale within 21 days.,No,Owner,Individual,Serve counter-notice,Minor Procedural Delegation,Yes,Owner may object to the sale.,Yes,Action left to discretion.,Notification Obligation,Property Law,Land subject to the notice to treat,Process,asp/2006/6,Section 34,article,"Section 34: Supplemental powers
(1) This section shall apply instead of section 90 (Parties not to be required to sell part of a house) of the 1845 Act in any case where—
(1)(a) a notice to treat is served on a person (“the owner”) under that Act (as incorporated with this Act by section 80 (Incorporation of enactments)) in respect of—
(1)(a)(i) land forming only part of a house, building or factory, or
(1)(a)(ii) land consisting of a house with a park or garden,
(1)(b) (“the land subject to the notice to treat”), and
(1)(b) a copy of this section is served on the owner with the notice to treat.
(2) In such a case, the owner may, within the period of 21 days beginning with the day on which the notice was served, serve on the authorised undertaker a counter-notice objecting to the sale of the land subject to the notice to treat and stating that the owner is willing and able to sell the whole (“the land subject to the counter-notice”).
(3) If no such counter-notice is served within that period, the owner shall be required to sell the land subject to the notice to treat.
(4) If such a counter-notice is served within that period, the question of whether the owner shall be required to sell only the land subject to the notice to treat shall, unless the authorised undertaker agrees to take the land subject to the counter-notice, be referred to the tribunal.
(5) If on such a reference the tribunal determine that the land subject to the notice to treat can be taken—
(5)(a) without material detriment to the remainder of the land subject to the counter-notice, or
(5)(b) in the case of part of land consisting of a house with a park or garden, without material detriment to the remainder of the land subject to the counter-notice and without seriously affecting the amenity and convenience of the house,
(5)(c) the owner shall be required to sell the land subject to the notice to treat.
(6) If on such a reference the tribunal determines that only part of the land subject to the notice to treat can be taken—
(6)(a) without material detriment to the remainder of the land subject to the counter-notice, or
(6)(b) in the case of part of land consisting of a house with a park or garden, without material detriment to the remainder of the land subject to the counter-notice and without seriously affecting the amenity and convenience of the house,
(6)(c) the notice to treat shall be deemed to be a notice to treat for that part.
(7) If on such a reference the tribunal determine that—
(7)(a) the land subject to the notice to treat cannot be taken without material detriment to the remainder of the land subject to the counter-notice, but
(7)(b) the material detriment is confined to a part of the land subject to the counter-notice,
(7)(c) the notice to treat shall be deemed to be a notice to treat for the land to which the material detriment is confined in addition to the land already subject to the notice, whether or not the additional land is land which the authorised undertaker is authorised to acquire compulsorily under this Act.
(8) If the authorised undertaker agrees to take the land subject to the counter-notice, or if the tribunal determine that—
(8)(a) none of the land subject to the notice to treat can be taken without material detriment to the remainder of the land subject to the counter-notice or, as the case may be, without material detriment to the remainder of the land subject to the counter-notice and without seriously affecting the amenity and convenience of the house, and
(8)(b) that the material detriment is not confined to a part of the land subject to the counter-notice,
(8)(c) the notice to treat shall be deemed to be a notice to treat for the land subject to the counter-notice whether or not the whole of that land is land which the authorised undertaker is authorised to acquire compulsorily under this Act.
(9) In any case where by virtue of a determination by the tribunal under this section a notice to treat is deemed to be a notice to treat for less land or more land that that specified in the notice, the authorised undertaker may, within the period of 6 weeks beginning with the day on which the determination is made, withdraw the notice to treat; and if it does so shall pay to the owner compensation for any loss or expense occasioned to the owner by the giving and withdrawal of the notice, to be determined in the case of dispute by the tribunal.
(10) Where the owner is required under this section to sell only part of a house, building or factory or of land consisting of a house with a park or garden, the authorised undertaker shall pay the owner compensation for any loss sustained by the owner due to the severance of that part in addition to the value of the interest acquired.",NA,901
1008,Section 52,The authorised undertaker may take charges for other services or facilities.,No,Authorised undertaker,Organization,Take charges,Major Operational Delegation,No,None,Yes,Action left to discretion,Price Fixation,Transportation,Services or facilities,Process,asp/2006/6,Section 52,article,"Section 52: Power to charge fares
The authorised undertaker may demand, take and recover or waive such charges for carrying passengers or goods on the authorised tramway, or for any other services or facilities provided in connection with the operation of the authorised tramway, as it thinks fit.",NA,1007
68,21(3)(3),The declaration must state a description of the post of the Crown servant.,No,Declarant,Individual,Describe post,None,No,None,No,None,Reporting Obligation,Electoral Registration,Service Declaration,Process,anaw/2020/1,Section 21,article,"Section 21: Contents of service declarations
(1) The 2001 Regulations are amended as follows.
(2) In regulation 15 (contents of service declaration)—
(2)(a) after paragraph (1) insert—
(2)(b) after paragraph (3) insert—
(3) After regulation 15 insert—“ 15A Contents of service declaration: declarant with a service qualification under section 14(1A) of the 1983 Act
(1) In relation to the registration of local government electors in Wales, a service declaration by a person claiming a service qualification under section 14(1A) of the 1983 Act must include, in addition to the matters specified in regulation 15(1)(a) and (b), such of the particulars specified in paragraph (2), (3) or (4) as are relevant to the declarant.
(2) Where the declarant claims a service qualification on the grounds that a parent or guardian of the declarant is a member of the forces (within the meaning of section 59(1) of the 1983 Act) or the spouse or civil partner of such a member, the declaration must state—
(a) the service (whether naval, military or air forces) in which the member serves,
(b) the rank or rating of the member,
(c) the service number of the member, and
(d) where the member serves in the military forces, the regiment or corps in which the member serves.
(3) Where the declarant claims a service qualification on the grounds that a parent or guardian of the declarant is a Crown servant to whom regulation 14 applies or the spouse or civil partner of such a servant, the declaration must state—
(a) the name of the organisation in which the servant works,
(b) a description of the post of the servant, and
(c) any staff number, payroll number or other similar identifying number of the servant.
(4) Where the declarant claims a service qualification on the grounds that a parent or guardian of the declarant is a British Council employee or the spouse or civil partner of such an employee, the declaration must state—
(a) a description of the post of the employee, and
(b) any staff number, payroll number or other similar identifying number of the employee. ”",NA,67
24,11,Amendments have effect for Senedd elections held on or after 5 April 2021.,No,Amendments,Legal Text,Have effect,None,No,None,No,None,Legal Amendment,Electoral Law,Senedd elections,Process,anaw/2020/1,Section 11,article,"Section 11: Extension of right to vote in Senedd elections to qualifying foreign citizens
(1) After section 12(1A) of the 2006 Act, insert—
(2) The amendments made by this section have effect for the purposes of an election for membership of the Senedd at which a poll is held on or after 5 April 2021.“ (1B) A person falls within the extended franchise for Senedd elections if the person—
(a) is a qualifying foreign citizen (within the meaning given by section 203(1) of the  Representation of the People Act 1983 (c. 2) ), and
(b) would, but for any disability removed by this section, be entitled to vote as an elector at a local government election in an electoral area wholly or partly included within the Senedd constituency. ”",NA,23
217,42(1)(e),This Part (sections 39 to 43) comes into force on the day this Act receives Royal Assent.,No,None,None,Enforce commencement,Self-Execution,No,None,No,None,Commencement,Legal System,Sections 39-43,Systemic Condition,anaw/2020/1,Section 42,article,"Section 42: Coming into force
(1) The following provisions come into force on the day on which this Act receives Royal Assent—
(1)(a) Part 1 (section 1);
(1)(b) in Part 3—
(1)(b)(i) section 10, but that section has effect in accordance with section 10(4);
(1)(b)(ii) section 11, but that section has effect in accordance with section 11(2);
(1)(b)(iii) section 27, but subsections (2)(d), (3) and (4) of that section have effect in accordance with section 27(5);
(1)(c) Part 4 (sections 29 to 35 and Schedule 3), but it only has effect for the purposes of a Senedd election at which the poll is held on or after 5 April 2021;
(1)(d) in Part 5, sections 37 and 38;
(1)(e) this Part (sections 39 to 43).
(2) Part 2 (sections 2 to 9 and Schedule 1) comes into force on 6 May 2020.
(3) In Part 3—
(3)(a) sections 12 to 26 come into force on 1 June 2020;
(3)(b) section 28 and Schedule 2 come into force on a day appointed by the Welsh Ministers in an order made by statutory instrument.
(4) An order under subsection (3)(b) may include transitional, transitory or saving provision.
(5) In Part 5, section 36 comes into force on the day of the first Senedd election at which the poll is held on or after 5 April 2021.",NA,216
642,4(1),The Welsh Ministers must consider their duty to promote sustainable development when exercising power in section 3.,No,Welsh Ministers,Government,Consider sustainable development.,None,No,None,No,None,Consideration,Environmental Protection,Sustainable development,Systemic Condition,asc/2023/2,All,full,"Section 1: Key concepts: “plastic product”, “single-use” and “plastic”
(1) This section defines certain key concepts for the purposes of this Act.
(2) A “plastic product” is a product—
(2)(a) of which all or any of the main structural components are made wholly or partly of plastic, or
(2)(b) that has a lining or coating made wholly or partly of plastic.
(3) “ Single-use ”, in relation to a plastic product, means a product that is not designed or manufactured to be used for the purpose for which it was designed or manufactured more than once (or on more than one occasion) before being disposed of.
(4) “ Plastic ” means a material consisting of a polymer, other than an adhesive, paint or ink, and includes a material consisting of a polymer‍ that has other substances added to it.
(5) In subsection (4), the reference to “polymer”—
(5)(a) means a polymer that can function as the main structural component of a product;
(5)(b) does not include a natural polymer that has not been chemically modified.
(6) For the purposes of subsection (3), a carrier bag is deemed to have been designed to be used to carry goods more than once before being disposed of unless it is made of plastic film no greater than 49 microns in thickness (in which case it is considered to be a plastic product that is single-use).

Section 2: Prohibited single-use plastic products
(1) For the purposes of this Act, a single-use plastic product is prohibited if—
(1)(a) it is a product that is listed in column 1 of the Table in paragraph 1 of the Schedule, and
(1)(b) no exemption in a corresponding entry in column 2 of that Table applies in respect of‍ that product.
(2) A product that falls within subsection (1) is referred to in this Act as a “prohibited single-use plastic product”.
(3) The Welsh Ministers must prepare and publish guidance about—
(3)(a) the single-use plastic products that are prohibited under this Act;
(3)(b) the application of any exemptions listed in column 2 of the Table in paragraph 1 of the Schedule.

Section 3: Prohibited single-use plastic products: power to amend
(1) The Welsh Ministers may by regulations amend the Schedule—
(1)(a) to add a product to, or remove a product from, column 1 of the Table in paragraph 1;
(1)(b) to add an exemption to, or remove an exemption from, column 2 of the Table in paragraph 1, or to amend an exemption in that column;
(1)(c) to add a definition to, or remove a definition from, paragraph 2, or to amend a definition in that paragraph.
(2) Before making regulations under this section the Welsh Ministers must consult—
(2)(a) local authorities;
(2)(b) the Natural Resources Body for Wales and any other person that the Welsh Ministers consider to be concerned with promoting the protection of the environment in Wales;
(2)(c) such persons as the Welsh Ministers consider represent the interests of producers or suppliers of single-use plastic products in Wales;
(2)(d) such persons as the Welsh Ministers consider represent the interests of people who have a protected characteristic within the meaning given in section 4 of the  Equality Act 2010 (c. 15) , and on whom the regulations may have a particular impact for that reason;
(2)(e) such other persons as the Welsh Ministers consider appropriate.

Section 4: Power to amend: duties relating to sustainable development and reporting
(1) In considering whether to exercise the power in section 3, the Welsh Ministers must take into account their duty—
(1)(a) to promote sustainable development under section 79(1) of the  Government of Wales Act 2006 (c. 32) , and
(1)(b) to carry out sustainable development under the  Well-being of Future Generations (Wales) Act 2015 (anaw 2) .
(2) In the report they are required to publish under section 79(2) of the Government of Wales Act 2006, the Welsh Ministers must set out information about their consideration of whether to exercise the power in section 3 including but not limited to their consideration of whether to—‍
(2)(a) add wet wipes and sauce sachets to column 1 of the Table in paragraph 1 of the Schedule;
(2)(b) remove an exemption from, or amend an exemption in, column 2 of the Table in paragraph 1 of the Schedule in respect of cups, takeaway food containers and lids for these products that are not made of polystyrene.

Section 5: Offence
(1) A person of a description referred to in subsection (2) (“ P ”) commits an offence if that person—
(1)(a) supplies (as to which see subsection (3)) a prohibited single-use plastic product to a consumer who is in Wales, and this includes arranging for the delivery of the product to a consumer at an address in Wales;
(1)(b) offers on premises in Wales (as to which see subsection (4)) to supply a prohibited single-use plastic product to a consumer.
(2) The descriptions of person that may commit an offence under this section are—
(2)(a) a body corporate (including a body exercising any function of a public nature);
(2)(b) a partnership;
(2)(c) an unincorporated association;
(2)(d) a person acting as a sole trader.
(3) P supplies a prohibited single-use plastic product if P, or any person accountable to P—
(3)(a) sells the product, or
(3)(b) provides the product free of charg‍e.
(4) P offers to supply a prohibited single-use plastic product if P, or any person accountable to P—
(4)(a) displays the product on the premises, or
(4)(b) otherwise keeps the product on the premises such that it is accessible by, or available to, a consumer at the premises.
(5) A person is accountable to P if—
(5)(a) that person—
(5)(a)(i) is an employee of P,
(5)(a)(ii) has a contract for services with P,
(5)(a)(iii) is an agent of P, or
(5)(a)(iv) is otherwise subject to the management, control or oversight of P, and
(5)(b) that person—
(5)(b)(i) is acting in the course of P’s business, trade or profession,
(5)(b)(ii) is acting in relation to the exercise by P of P’s functions,
(5)(b)(iii) is acting in relation to P’s objects or purposes, or
(5)(b)(iv) is otherwise acting under the management, control or oversight of P.
(6) Where P‍ is shown to have arranged for a product to be delivered to a consumer at an address in Wales the product is taken to have been supplied by P to that consumer even if (for whatever reason)—
(6)(a) the product was delivered to a different address, or
(6)(b) the product was not delivered to any known address.
(7) In proceedings for an offence under subsection (1), it is a defence for P to show that P exercised all due diligence and took all reasonable precautions to avoid committing the offence.
(8) P is taken to have shown that P exercised all due diligence and took all reasonable precautions to avoid committing the offence if—
(8)(a) sufficient evidence of this is adduced to raise an issue with respect to it, and
(8)(b) the contrary is not proved beyond reasonable doubt.
(9) In proceedings for an offence under subsection (1), an allegation that a product was a‍ single-use plastic product of a kind listed in column 1 of the Table in paragraph 1 of the Schedule will be accepted as proved in the absence of evidence to the contrary.
(10) Where two or more prohibited single-use plastic products are supplied, or offered for supply, together, for the purposes of subsection (1) this is to be treated as a single act of supply, or offering to supply, of a prohibited single-use plastic product.
(11) In this‍ section, “ consumer ” means an individual acting for purposes that are wholly or mainly outside that individual’s trade, business or profession (whether or not the individual purchased the product).

Section 6: Offence: mode of trial and penalty
A person guilty of an offence under section 5 is liable on summary conviction to a fine.

Section 7: Enforcement
(1) A local authority may—
(1)(a) investigate complaints in respect of offences under section 5 alleged to have been committed in its area;
(1)(b) bring prosecutions in respect of offences under section 5 committed in its area;
(1)(c) take any other steps with a view to reducing the incidence of offences under section 5 in its area.
(2) References in this Act to an authorised officer of a local authority are to any person authorised by a local authority for the purposes of this Act.

Section 8: Power to make test purchases
An authorised officer of a local authority may make such purchases and arrangements, and secure the provision of such services, as the officer considers necessary for the purpose of the exercise of the local authority’s functions under this Act.

Section 9: Power of entry
(1) An authorised officer of a local authority may enter premises at any reasonable time if the officer—
(1)(a) has reasonable grounds for believing that an offence under section 5 has been committed in the area of the local authority, and
(1)(b) considers it necessary to enter the premises for the purpose of ascertaining whether such an offence has been committed.
(2) This does not apply in relation to‍ residential premises.
(3) An authorised officer of a local authority may not enter premises by force under this section.
(4) Before entering premises under this section an authorised officer must, if asked to do so, show documentary evidence of the authorisation referred to in section 7(2).
(5) For the purposes of this section and sections 10 and 11, “ residential premises ” means premises, or any part of premises, used wholly or mainly as a dwelling.

Section 10: Power of entry: residential premises
(1) A justice of the peace may issue a warrant authorising an authorised officer of a local authority to enter‍ residential premises, by force if necessary, if satisfied on sworn information in writing—
(1)(a) that there are reasonable grounds for believing that an offence under section 5 has been committed in the area of the local authority, and
(1)(b) that it is necessary to enter the premises for the purpose of ascertaining whether such an offence has been committed.
(2) The warrant continues in force until the end of the period of 28 days beginning with the date it was issued.

Section 11: Power of entry: other circumstances requiring warrant
(1) A justice of the peace may issue a warrant authorising an authorised officer of a local authority to enter premises, other than‍ residential premises, by force if necessary, if satisfied on sworn information in writing that—
(1)(a) there are reasonable grounds for believing that an offence under section 5 has been committed in the area of the local authority,
(1)(b) it is necessary to enter the premises for the purpose of ascertaining whether such an offence has been committed, and
(1)(c) a requirement set out in subsection (2) or (3) is met.
(2) The requirement is that—
(2)(a) a request to enter the premises has been, or is likely to be, refused, and
(2)(b) notice of intention to apply for a warrant under this section has been given to the occupier, or to a person who reasonably appears to the local authority to be concerned in the management of the premises.
(3) The requirement is that requesting to enter the premises, or the giving of notice of intention to apply for a warrant under this section, is likely to defeat the purpose of the entry.
(4) The warrant continues in force until the end of the period of 28 days beginning with the date on which it was issued.

Section 12: Powers of entry: supplementary
(1) An authorised officer of a local authority entering premises under or by virtue of section 9, 10 or 11 may take such other persons and such equipment as the officer considers appropriate.
(2) The powers of entry exercisable under or by virtue of section 9, 10 or 11 apply in relation to a vehicle as if it were premises.
(3) If the occupier of premises is present at the time the authorised officer seeks to execute a warrant under section 10 or 11 and enter the premises, the officer must—
(3)(a) inform the occupier of the officer’s name;
(3)(b) produce documentary evidence to the occupier of the officer’s authorisation;
(3)(c) supply a copy of the warrant to the occupier.
(4) If premises that an authorised officer is authorised to enter by a warrant under section 10 or 11 are unoccupied, or if the occupier is temporarily absent, then on leaving the premises the officer must leave them as effectively secured against unauthorised entry as when the officer found them.

Section 13: Power of inspection
(1) An authorised officer of a local authority entering premises under or by virtue of section 9, 10 or 11 may do any of the following if the officer considers it necessary for the purpose of ascertaining whether an offence under section 5 has been committed⁠—
(1)(a) carry out inspections and examinations on the premises;
(1)(b) require the production of anything on the premises, inspect it, and take and retain samples of or extracts from it for as long as the officer considers necessary for that purpose;
(1)(c) take possession of anything on the premises, and retain it for as long as the officer considers necessary for that purpose;
(1)(d) require any person to give information about, or afford facilities and assistance with respect to, matters within the person’s control.
(2) If an authorised officer of a local authority considers it necessary for the purpose of ascertaining whether an offence under section 5 has been committed, the officer may arrange for anything produced under subsection (1)(b) or anything that the officer has taken possession of under subsection (1)(c) to be analysed.
(3) If by virtue of subsection (1)(c) the authorised officer of a local authority takes anything away from the premises, the officer must leave on the premises a statement—
(3)(a) giving particulars of what has been taken and stating that the officer has taken possession of it, and
(3)(b) identifying the person to whom a request for the return of the property may be made.
(4) The powers conferred by this section include the power—
(4)(a) to copy documents found on the premises;
(4)(b) to impose requirements as to how documents are provided (which may include requirements to provide legible copies of documents found on the premises that are stored electronically).
(5) For this purpose, “ documents ” includes information recorded in any form; and references to documents found on the premises include—
(5)(a) documents stored on computers or other electronic devices on the premises, and
(5)(b) documents stored elsewhere that can be accessed by computers or other electronic devices on the premises.
(6) A person is not required by this section to answer any question or produce any document that the person would be entitled to refuse to answer or produce in or for the purposes of proceedings in a court in Wales or in England.
(7) This section applies to a vehicle as if it were premises.

Section 14: Offence of obstruction etc. of officers
(1) A person who intentionally obstructs an authorised officer of a local authority exercising functions under sections 9 to 13 commits an offence.
(2) Any person who without reasonable cause fails to comply with a requirement under section 13(1)(b) or (d) or 13(4)(b) commits an offence.
(3) A person guilty of an offence under this section is liable on summary conviction to a fine not exceeding level 3 on the standard scale.
(4) Where a person does not answer any question or produce any document that the person would be entitled to refuse to answer or produce in or for the purposes of proceedings in a court in Wales or in England (see section 13(6)), this does not amount to obstruction under this section.

Section 15: Retained property: appeals
(1) A person (“ A ”) with an interest in anything taken away under section 13(1)(c) (“retained property”) may apply by way of complaint to any magistrates’ court for an order requiring the retained property to be released, either to A or to another person.
(2) If, on an application under this section, the court is satisfied that the continued retention of the retained property is not necessary for the purpose of ascertaining whether an offence under section 5 has been committed, it may make an order requiring the release of the retained property.
(3) An order under this section may contain whatever provision the court thinks appropriate for delaying its coming into force pending the making and determination of an appeal (including an application under section 111 of the  Magistrates’ Courts Act 1980 (c. 43) ).
(4) If the court adjourns the hearing of an application under this section, it may make an order in respect of the retained property that lasts until the final hearing of the application or until any further order is made, if it considers it appropriate to do so.
(5) Nothing in this section affects any other power of the court to make an order in respect of the retained property, including any power to make an order under section 1 of the  Police (Property) Act 1897 (c. 30)  (power to make order with respect to property in possession of police).

Section 16: Appropriated property: compensation
(1) A person (“ A ”) with an interest in anything of which an authorised officer of a local authority has taken possession under section 13(1)(c) (“appropriated property”) may apply by way of complaint to any magistrates’ court for compensation.
(2) Subsection (3) applies if, on an application under this section, the court is satisfied that—
(2)(a) A has suffered loss or damage in consequence of the authorised officer’s taking possession of the appropriated property, or retaining it, in circumstances where doing so was not necessary for the purpose of ascertaining whether an offence under section 5 had been committed, and
(2)(b) the loss or damage is not attributable to the neglect or default of A.
(3) The court may order the local authority to pay compensation to A.

Section 17: Civil sanctions
(1) In this section, “ the 2008 Act ” means the  Regulatory Enforcement and Sanctions Act 2008 (c. 13) .
(2) The Welsh Ministers may by regulations make any provision, in relation to the offence under section 5, that could be made under Part 3 of the 2008 Act (civil sanctions) if—
(2)(a) a local authority was a regulator for the purposes of Part 3 of that Act, and
(2)(b) the offence was a relevant offence in relation to a local authority for the purposes of Part 3 of that Act.
(3) Sections 63 to 70 of the 2008 Act (guidance; exercise of powers; payment into Consolidated Fund) apply to provision made under this section as they apply to provision made under Part 3 of that Act.
(4) Section 60(1) and (2) of the 2008 Act (consultation) apply to regulations under subsection (1) as they apply to an order under Part 3 of that Act.
(5) For the purposes of subsections (3) and (4), references to a regulator in sections 60 and 63 to 70 of the 2008 Act are to be read as references to a local authority.

Section 18: Offences committed by partnerships and other unincorporated associations
(1) Proceedings for an offence under this Act alleged to have been committed by a partnership are to be brought in the name of the partnership (and not in that of any of the partners).
(2) Proceedings for an offence under this Act alleged to have been committed by an unincorporated association other than a partnership are to be brought in the name of the association (and not in that of any of its members).
(3) Rules of court relating to the service of documents have effect as if the partnership or unincorporated association were a body corporate.
(4) Schedule 3 to the  Magistrates’ Courts Act 1980 (c. 43)  applies in proceedings for an offence brought against a partnership or an unincorporated association other than a partnership as it applies in relation to a body corporate.
(5) A fine imposed on a partnership on its conviction for an offence under this Act is to be paid out of the partnership’s assets.
(6) A fine imposed on an unincorporated association other than a partnership on its conviction for an offence under this Act is to be paid out of the funds of the association.

Section 19: Criminal liability of senior officers etc.
(1) This section applies where an offence under this Act is committed by—
(1)(a) a body corporate;
(1)(b) a partnership;
(1)(c) an unincorporated association other than a partnership.
(2) If the offence is proved to have been committed by, or with the consent or connivance of, or to be attributable to neglect on the part of—
(2)(a) a senior officer of the body corporate or partnership or unincorporated association, or
(2)(b) any person purporting to act in a capacity mentioned in paragraph (a),
(2)(c) that senior officer or person (as well as the body corporate, partnership or association) is guilty of the offence and liable to be proceeded against and punished accordingly.
(3) In this section, “ senior officer ” means—
(3)(a) in relation to a body corporate, a director, manager, secretary or other similar officer of the body corporate;
(3)(b) in relation to a partnership, a partner in the partnership;
(3)(c) in relation to an unincorporated association other than a partnership, any officer of the association or any member of its governing body.
(4) In subsection (3), “ director ”, in relation to a body corporate whose affairs are managed by its members, means a member of the body corporate.

Section 20: General
In this Act– “authorised officer of a local authority”  (“swyddog awdurdodedig awdurdod lleol”)  has the meaning given in section 7(2); “carrier bag”  (“bag siopa”)‍  has the meaning given in paragraph 2 of the Schedule; “ consumer ” has the meaning given in section 5(11); “local authority”  (“ awdurdod lleol ”)  means a county council or county borough council for an area in Wales; “partnership”  (“partneriaeth”)  means— (a) a partnership within the  Partnership Act 1890 (c. 39) , or (b) a limited partnership registered under the  Limited Partnerships Act 1907 (c. 24) ; “plastic”  (“plastig”)  has the meaning given in section 1(4); “plastic product”  (“cynnyrch plastig”)  has the meaning given in section 1(2); “prohibited single-use plastic product”  (“cynnyrch plastig untro gwaharddedig”)  has the meaning given in section 2(2); “single-use”  (“untro”) , in relation to a plastic product, has the meaning given in section 1(3).

Section 21: Regulations
(1) A power to make regulations under this Act is exercisable by statutory instrument.
(2) A power to make regulations under this Act includes a power—
(2)(a) to make different provision for different purposes;
(2)(b) to make supplementary, incidental, consequential, transitional, transitory or saving provision, including provision amending this Act.
(3) A statutory instrument made under this Act may not be made unless a draft of the instrument has been laid before, and approved by a resolution of, Senedd Cymru.

Section 22: Coming into force
(1) This section and sections 3, 4, 17, 21 and 23 come into force on the day after the day on which this Act receives Royal Assent.
(2) The other provisions of this Act come into force on a day appointed by the Welsh Ministers in an order made by statutory instrument.
(3) An order under subsection (2)—
(3)(a) may make transitional, transitory or saving provision;
(3)(b) may appoint different days for different purposes.

Section 23: Short title
The short title of this Act is the Environmental Protection (Single-use Plastic Products) (Wales) Act 2023. Introduced by section 2",NA,641
1173,72(5)(c),Section 66 of the 1997 Act shall not apply to the demolition of a building in a conservation area under this Act.,No,None,None,Exempt from section 66,None,Yes,Exemption from section 66 for demolition under this Act.,No,None,Exemption,Heritage Conservation,Conservation area,Organization,asp/2006/6,Section 72,article,"Section 72: Listed buildings and conservation areas
(1) If a listed building was such a building at the coming into force of this Act and is specified in columns (1) and (2) of Part 1 of schedule 10—
(1)(a) section 6 (Restriction on works affecting listed buildings) of the 1997 Act shall not apply to works carried out to such a building under the provisions of this Act;
(1)(b) to the extent that a notice issued in relation to the building under section 34(1) (Power to issue listed building enforcement notice) of the 1997 Act requires the taking of steps which would be rendered ineffective, or substantially ineffective, by works proposed to be carried out in exercise of the powers conferred by this Act, it shall not have effect, or, as the case may be, shall cease to have effect;
(1)(c) no steps may be taken in relation to the building under section 38(1) (Execution of works required by listed building enforcement notice) of the 1997 Act which would be rendered ineffective, or substantially ineffective, by such works as are mentioned in paragraph (b); and
(1)(d) no works may be executed for the preservation of the building under section 49 (Urgent works to preserve unoccupied listed buildings) of the 1997 Act which would be rendered ineffective, or substantially ineffective, by such works as are mentioned in paragraph (b).
(2) If a listed building was such a building at the coming into force of this Act and is not specified in Part 2 of schedule 10—
(2)(a) section 6 of the 1997 Act shall not apply to works carried out to such a building under the provisions of section 16 (Attachment of equipment to buildings for purposes of works);
(2)(b) to the extent that a notice issued in relation to the building under section 34(1) of the 1997 Act requires the taking of steps which would be rendered ineffective, or substantially ineffective, by works proposed to be carried out in exercise of the powers conferred by section 16, it shall not have effect, or, as the case may be, shall cease to have effect;
(2)(c) no steps may be taken in relation to the building under section 38(1) of the 1997 Act which would be rendered ineffective, or substantially ineffective, by such works as are mentioned in paragraph (b) of this subsection; and
(2)(d) no works may be executed for the preservation of the building under section 49 of the 1997 Act which would be rendered ineffective, or substantially ineffective, by such works as are mentioned in paragraph (b) of this subsection.
(3) In the case of any building specified in columns (1) and (2) of Part 1 of schedule 10 in relation to which any description of works is specified in column (3) of that Part of that schedule, subsection (1) shall have effect as if the references to works carried out in exercise of the powers conferred by this Act were, so far as concerns works of demolition or alteration (as opposed to extension), to works so carried out which are of a description specified in relation to it in that column.
(4) Paragraphs (a) to (d) of subsections (1) and (2) shall also apply in relation to a listed building which was not such a building immediately before the coming into force of this Act.
(5) If a building included in a conservation area and not a listed building—
(5)(a) was not included in a conservation area immediately before the coming into force of this Act, or
(5)(b) was included in such an area immediately before that date and is specified in columns (1) and (2) of Part 1 of schedule 10,
(5)(c) section 66 (Control of demolition in conservation areas) of the 1997 Act shall not apply to the demolition of it in exercise of the powers conferred by this Act.
(6) Anything which, by virtue of section 1(4) (Listing of buildings of special architectural or historic interest) of the 1997 Act is treated as part of the building for the purposes of that Act, shall be treated as part of the building for the purposes of this section.
(7) Section 53 (Acts causing or likely to result in damage to listed buildings) of the 1997 Act shall not apply to anything done in exercise of the powers conferred by this Act with respect to works.
(8) In this section— “the 1997 Act” means the Planning (Listed Buildings and Conservation Areas) (Scotland) Act  1997 (c. 9) ; “building” and “listed building” have the same meaning as in the 1997 Act; “conservation area” means an area which is designated as a conservation area under the terms of the 1997 Act; and “works” includes the attachment of equipment to buildings authorised by section 16 (Attachment of equipment to buildings for purposes of works).",NA,1172
837,Section 22,Any person who obstructs another person from constructing authorised works shall be guilty of an offence.,No,Any person,Individual,Obstruct,None,Yes,Without reasonable excuse,Yes,Without reasonable excuse,Offence Provision,Legal,Construction of tramway,Process,asp/2006/6,Section 22,article,"Section 22: Obstruction of construction of tramway
Any person who, without reasonable excuse, obstructs another person from constructing any of the authorised works under the powers conferred by this Act shall be guilty of an offence and liable on summary conviction to a fine not exceeding level 3 on the standard scale. Part 2 Land",NA,836
31,13,Registration officers do not need to make house to house inquiries for persons under 16 in Wales.,No,Registration officers,Organization,Exempt from inquiries,None,Yes,Exemption for persons under 16 in Wales,No,None,Inquiry Exemption,Electoral Process,Persons under 16 in Wales,Individual,anaw/2020/1,Section 13,article,"Section 13: Annual canvass
(1) In section 9A of the 1983 Act (registration officers: duty to take necessary steps), after subsection (2) insert—
(2) In regulation 32ZA of the  Representation of the People (England and Wales) Regulations 2001 (S.I. 2001/341)  (“the 2001 Regulations”) (annual canvass form)—
(2)(a) after paragraph (3) insert—
(2)(b) after paragraph (5) insert—“ (2A) In relation to the registration of local government electors in Wales, subsections (1) and (2)(b) do not require a registration officer to make house to house inquires in relation to any person under the age of 16. ”",NA,30
116,16A(7)(b),The Llywydd’s Committee must decide if the estimated level of income and expenditure is consistent with the Commission's effective discharge of functions.,No,Llywydd’s Committee,Organization,Consistency decision,Minor Procedural Delegation,No,None,No,None,Inspection Mandate,Electoral Administration,Estimated level of income and expenditure,Output,anaw/2020/1,Section 28,article,"Section 28: Oversight of administration of elections
(1) Schedule 1 to the  Political Parties, Elections and Referendums Act 2000 (c. 41)  is amended as follows.
(2) After paragraph 16 insert—
(3) In paragraph 18 (audit)—
(3)(a) in sub-paragraph (1)(b), at the end insert
(3)(b) ;
(3)(b) in sub-paragraph (2)(b), after “Parliament” insert
(3)(d) ;
(3)(c) after sub-paragraph (2) insert—
(4) In paragraph 19(4) (responsibilities of accounting officer), after “the Speaker’s Committee” insert .
(5) After paragraph 20 insert—
(6) In paragraph 25—
(6)(a) the existing provision becomes sub-paragraph (1);
(6)(b) after that sub-paragraph insert—
(7) Schedule 2 contains further amendments relating to the Electoral Commission.“Financing of Commission: devolved Welsh elections and referendums
16A (1) The expenditure of the Commission that is attributable to the exercise of the Commission’s functions in relation to devolved Welsh elections and devolved Welsh referendums is (so far as it cannot be met out of income received by the Commission) to be payable out of the Welsh Consolidated Fund.
(2) For each financial year, the Commission must prepare an estimate of the Commission’s income and expenditure that is attributable to the exercise of the Commission’s functions in relation to devolved Welsh elections and devolved Welsh referendums.
(3) At least six months before the start of the financial year to which an estimate relates, the Commission must submit the estimate to the Llywydd’s Committee.
(4) During the financial year to which an estimate relates, the Commission may prepare a revised estimate and submit it to the Llywydd’s Committee; and references in the rest of this paragraph to an estimate include a revised estimate.
(5) The committees of Senedd Cymru must include one to be known as the Llywydd’s Committee or Pwyllgor y Llywydd.
(6) The committee must be chaired by the Presiding Officer or the Deputy Presiding Officer.
(7) The Llywydd’s Committee must—
(a) examine each estimate submitted to it,
(b) decide whether it is satisfied that the estimated level of income and expenditure is consistent with the economical, efficient and effective discharge by the Commission of their functions in relation to devolved Welsh elections and devolved Welsh referendums, and
(c) if it is not so satisfied, make such modifications to the estimate as it considers appropriate for the purpose of achieving such consistency.
(8) Before deciding whether it is so satisfied or making any such modifications, the Llywydd’s Committee must—
(a) have regard to the most recent report made to it by the Comptroller and Auditor General under paragraph 16C(2), to any later report made under paragraph 16C(4), and to any recommendations contained in the reports;
(b) consult the Welsh Ministers and have regard to any advice the Welsh Ministers may give.
(9) The Llywydd’s Committee must, after concluding its examination and making its modifications (if any) to the estimate, lay the estimate before Senedd Cymru.
(10) If the Llywydd’s Committee, in the discharge of its functions under this paragraph—
(a) does not follow any recommendation contained in a report of the Comptroller and Auditor General,
(b) does not follow any advice given to it by the Welsh Ministers, or
(c) makes any modification to the estimate,
it must include in the next report which it makes to Senedd Cymru under paragraph 20B a statement of its reasons for so doing.
Five-year plan: devolved Welsh elections and referendums
16B (1) This paragraph applies where paragraph 16A(3) requires the Commission to submit an estimate to the Llywydd’s Committee and⁠—
(a) the estimate is the first estimate to be submitted under paragraph 16A(3),
(b) the estimate relates to the first financial year to begin after the day on which Senedd Cymru meets following an ordinary general election of Members of the Senedd, or
(c) the estimate relates to any other financial year and the Llywydd’s Committee requires the Commission to submit a plan under this paragraph.
(2) When the Commission submit the estimate, the Commission must at the same time submit to the Llywydd’s Committee a plan setting out⁠—
(a) the Commission’s aims and objectives for the exercise of the Commission’s functions in relation to devolved Welsh elections and devolved Welsh referendums during the period of five years beginning with the financial year to which the estimate relates, and
(b) the Commission’s estimated requirements for resources for the exercise of those functions during that five-year period.
(3) The Llywydd’s Committee must—
(a) examine each plan submitted to it,
(b) decide whether it is satisfied that the plan is consistent with the economical, efficient and effective discharge by the Commission of their functions in relation to devolved Welsh elections and devolved Welsh referendums, and
(c) if it is not so satisfied, make such modifications to the plan as it considers appropriate for the purpose of achieving such consistency.
(4) Before deciding whether it is so satisfied or making any such modifications, the Llywydd’s Committee must—
(a) have regard to the most recent report made to it by the Comptroller and Auditor General under paragraph 16C(2) and to any recommendations contained in the report;
(b) consult the Welsh Ministers and have regard to any advice the Welsh Ministers may give.
(5) The Llywydd’s Committee must, after concluding its examination and making its modifications (if any) to the plan, lay the plan before Senedd Cymru.
(6) If the Llywydd’s Committee, in the discharge of its functions under this paragraph—
(a) does not follow any recommendation contained in the report of the Comptroller and Auditor General,
(b) does not follow any advice given to it by the Welsh Ministers, or
(c) makes any modification to the plan,
it must include in the next report which it makes to Senedd Cymru under paragraph 20B a statement of its reasons for so doing.
Examination of Commission: devolved Welsh elections and referendums
16C (1) Sub-paragraph (2) applies where the Commission submit to the Llywydd’s Committee both an estimate under paragraph 16A(3) and a plan under paragraph 16B(2).
(2) For the purpose of assisting the Llywydd’s Committee to discharge its functions under paragraphs 16A and 16B, the Comptroller and Auditor General must, before the Llywydd’s Committee considers the estimate and plan—
(a) carry out an examination into the economy, efficiency or effectiveness (or, if the Comptroller and Auditor General so determines, any combination of them) with which the Commission have used their resources in discharging their functions in relation to devolved Welsh elections and devolved Welsh referendums (or, if the Comptroller and Auditor General so determines, any of those functions),
(b) report to the Llywydd’s Committee the results of the examination, and
(c) include in the report such recommendations as the Comptroller and Auditor General considers appropriate in the light of the examination.
(3) Sub-paragraph (4) applies where the Commission—
(a) submit an estimate to the Llywydd’s Committee under paragraph 16A(3) but are not required to submit a plan under paragraph 16B(2), or
(b) submit a revised estimate to the Llywydd’s Committee under paragraph 16A(4).
(4) For the purpose of assisting the Llywydd’s Committee to discharge its functions under paragraph 16A, the Comptroller and Auditor General may, before the Llywydd’s Committee considers the estimate⁠—
(a) carry out a further examination into the matters mentioned in sub-paragraph (2)(a),
(b) report to the Llywydd’s Committee the results of the examination, and
(c) include in the report such recommendations as the Comptroller and Auditor General considers appropriate in the light of the examination.
(5) Section 8 of the National Audit Act 1983 (right to obtain documents and information) applies in relation to any examination under this paragraph as it applies in relation to an examination under section 6 of that Act.
(6) See also section 19 of the Public Audit (Wales) Act 2013 (which enables the Wales Audit Office to make arrangements for any function of a public authority or office holder to be exercised by the Auditor General for Wales). ”
“, the Llywydd’s Committee”
“Reports by Commission: devolved Welsh elections and referendums
20A (1) The Commission must, as soon as practicable after the end of each financial year—
(a) prepare a report about the performance of the Commission’s functions in relation to devolved Welsh elections and devolved Welsh referendums during that financial year, and
(b) lay the report before Senedd Cymru.
(2) On laying the report, the Commission must publish it in such manner as the Commission may determine.
Reports by the Llywydd’s Committee
20B (1) The Llywydd’s Committee must, at least once in each year—
(a) prepare a report on the exercise by the Llywydd’s Committee of its functions under this Schedule, and
(b) lay the report before Senedd Cymru.
(2) For the purposes of the law of defamation, the publication of any matter by the Llywydd’s Committee in such a report is absolutely privileged. ”",NA,115
465,30(4),"If not satisfied, Welsh Ministers may direct the authority to include clauses.",No,Welsh Ministers,Government,Direct inclusion,Major Operational Delegation,No,None,Yes,Action left to discretion,Directive,Public Procurement,Social public works clauses,Process,asc/2023/1,Section 30,article,"Section 30: Social public works clauses: Welsh Ministers’ response
(1) Where the Welsh Ministers receive a notification from a contracting authority under section 29(1), they must—
(1)(a) publish a summary of the notification, and
(1)(b) consider whether they are satisfied with the reasons given in it.
(2) In considering whether they are satisfied with the reasons, the Welsh Ministers may—
(2)(a) consult the authority;
(2)(b) by notice require the authority to provide any documents or other information as the Welsh Ministers may require for the purposes of subsection (1) in such form or manner as may be specified in the notice;
(2)(c) provide the SPC public procurement subgroup (see section 9) with a copy of the notification under section 29(1) and any documents or other information received under paragraph (b);
(2)(d) consult the SPC public procurement subgroup.
(3) If, following consideration under subsection (1), the Welsh Ministers are satisfied, they must publish a summary of their reasons for being satisfied.
(4) If, following consideration under subsection (1), the Welsh Ministers are not satisfied, they may direct the contracting authority to take all reasonable steps to—
(4)(a) include social public works clauses in the major construction contract,
(4)(b) put processes in place for ensuring that obligations in social public works clauses are implemented, or
(4)(c) put processes in place for ensuring that obligations in social public works clauses are implemented where the contract is subcontracted.
(5) Where the Welsh Ministers give a direction under subsection (4), they must—
(5)(a) inform the SPC public procurement subgroup that they have given the direction, and
(5)(b) publish the direction.
(6) Where the Welsh Ministers do not give a direction under subsection (4) despite not being satisfied, they must—
(6)(a) inform the SPC public procurement subgroup that they have not given a direction, and
(6)(b) publish a summary of—
(6)(b)(i) their reasons for not being satisfied, and
(6)(b)(ii) their reasons for not giving a direction despite not being satisfied.
(7) The Welsh Ministers must take any action taken under subsections (2)(a) or (b) as soon as reasonably practicable.
(8) A contracting authority must provide any documents or other information it is required to provide under subsection (2)(b) as soon as reasonably practicable.
(9) Nothing in this section requires the Welsh Ministers to publish information which, following consultation with the appropriate contracting authority, the Welsh Ministers consider would be exempt from disclosure were it to be subject to a request for information under the  Freedom of Information Act 2000 (c. 36) .",NA,464
76,24(1),"A registration officer must not publish, supply, or disclose a young person’s information.",No,Registration officer,Organization,Prohibit disclosure,None,Yes,Except in accordance with section 25 or regulations under section 26.,No,None,Disclosure Restriction,Data Protection,Young person's information,Output,anaw/2020/1,Section 24,article,"Section 24: Protection of information about persons aged under 16
(1) A registration officer must not publish, supply or otherwise disclose a young person’s information, except in accordance with—
(1)(a) section 25, or
(1)(b) regulations under section 26.
(2) In this section and sections 25 and 26— “a young person’s information” (“ gwybodaeth person ifanc ”) means any entry in— “absent voters record or list” (“ cofnod neu restr o bleidleiswyr absennol ”) means any of the following— “registration officer” (“ swyddog cofrestru ”) includes—
(2)(a) the register of local government electors, or
(2)(b) an absent voters record or list,
(2)(c) relating to a person who, at the time of the publication, supply or other disclosure, is under the age of 16, and “young person” is to be interpreted accordingly;
(2)(a) a record kept under article 8(3), 9(6) or 12(6) of the 2007 Order;
(2)(b) a list kept under article 10 or 12(8) of the 2007 Order;
(2)(f) “register of local government electors” (“ cofrestr o etholwyr llywodraeth leol ”) includes any notice of an alteration in the register under section 13A(2), 13AB(2) or 13B(3), (3B) or (3D) of the 1983 Act;
(2)(a) a deputy of a registration officer;
(2)(b) a person appointed to assist a registration officer in the carrying out of the registration officer’s functions;
(2)(c) a person, in the course of the person’s employment, assisting a registration officer in the carrying out of those functions.",NA,75
675,3(a),The authorised undertaker may construct stopping places.,No,Authorised undertaker,Organization,Construct stopping places,Major Operational Delegation,No,None,Yes,"Use of ""may"" indicates discretion.",Construction Mandate,Infrastructure,Stopping places,Process,asp/2006/6,Section 1,article,"Section 1: Power to construct works
(1) The authorised undertaker may construct and maintain the scheduled works or any part of them, as specified in schedule 1.
(2) Subject to section 2 (Power to deviate), the scheduled works may only be constructed in the lines or situations shown on the Parliamentary plans and in accordance with the levels shown on the Parliamentary sections.
(3) Subject to subsection (7), the authorised undertaker may carry out and maintain such of the following works as may be necessary or expedient for the purposes of, in connection with or in consequence of, the scheduled works, namely—
(3)(a) stopping places;
(3)(b) works required for, or in connection with, the control of any vehicular and pedestrian traffic on the authorised tramway;
(3)(c) works required for the strengthening, improvement, repair or reconstruction of any road;
(3)(d) works for the strengthening, alteration or demolition of any building or structure;
(3)(e) works to alter the position of any road furniture or apparatus, including mains, sewers, drains and cables and lights;
(3)(f) works to alter the course of, or otherwise interfere with, rivers, streams or watercourses;
(3)(g) landscaping and other works to mitigate any adverse effects of the construction, maintenance or operation of the authorised works; and
(3)(h) facilities and works for the benefit or protection of land or premises affected by the authorised works.
(4) Subject to subsection (7), the authorised undertaker may carry out and maintain such other works (of whatever nature) as may be necessary or expedient for the purposes of, in connection with or in consequence of, the construction of the scheduled works.
(5) The authorised undertaker may remove any works constructed by it pursuant to this Act which have been constructed as temporary works or which it no longer requires.
(6) Where the authorised undertaker lays down conduits for the accommodation of cables or other apparatus for the purposes of the authorised works or associated traffic control, it may provide in, or in connection with, such conduits accommodation for the apparatus of any other person, and manholes and other facilities for access to such accommodation, and may permit the use of such conduits and facilities on such terms and conditions as may be agreed between it and such other person.
(7) Subsections (3) and (4) shall only authorise the carrying out or maintenance of works—
(7)(a) within the limits of deviation shown on the Parliamentary plans for the scheduled works; or
(7)(b) on land specified in columns (1) and (2) of Parts 1 and 2 of schedule 6 for the purpose specified in relation to that land in column (3) of those Parts of that schedule (being land shown on the Parliamentary plans as lying within the limits of land to be acquired or used).",NA,674
1202,76,The authorised undertaker shall submit copies of the Parliamentary plans to the Clerk of the Parliament for certification.,No,Authorised Undertaker,Organization,Submit documents,Minor Procedural Delegation,No,None,Yes,"""as soon as practicable""",Certification Process,Legal Process,Parliamentary plans,Output,asp/2006/6,Section 76,article,"Section 76: Certification of plans, etc.
The authorised undertaker shall, as soon as practicable after the coming into force of this Act, submit copies of the book of reference, the Parliamentary plans and the Parliamentary sections to the Clerk of the Parliament for certification that they are, respectively the book of reference, Parliamentary plans and Parliamentary sections referred to in this Act, and a document so certified shall be admissible in any proceedings as evidence of the contents of the document of which it is a copy.",NA,1201
276,10(4),The power to fix a date may be exercised more than once and not after 5 November 2021.,No,Llywydd,Official,Exercise power multiple times.,None,Yes,"Multiple exercises allowed, not after 5 November 2021.",No,None,Repetition,Electoral,Election,Process,asc/2021/2,All,full,"Section 1: The 2021 election
In this Act, “the 2021 election” means the ordinary general election for membership of Senedd Cymru the poll for which is due to be held in 2021.

Section 2: Application of provisions of Government of Wales Act 2006
(1) Subsections (2) to (4) of section 3 of the 2006 Act (dissolution of Senedd Cymru before an ordinary general election and date of first meeting after the election) do not apply to the 2021 election.
(2) Section 3(1) of the 2006 Act (day on which the poll at an ordinary general election is held) has effect subject to the provisions of section 6.
(3) Section 4(2)(c) of the 2006 Act (period within which Senedd Cymru must meet where the day of poll is varied by proclamation) does not apply to the 2021 election.
(4) Section 10 of the 2006 Act (constituency vacancies) has effect subject to the provisions of section 10.

Section 3: Dissolution of the current Senedd
(1) For the purpose of the holding of the poll for the 2021 election, Senedd Cymru is dissolved on 29 April 2021, unless—
(1)(a) the Llywydd exercises the power conferred by section 6 (power to postpone 2021 election for up to 6 months), or
(1)(b) Her Majesty dissolves Senedd Cymru before that day by proclamation under section 4(2) of the 2006 Act (power to vary date of Senedd ordinary general election).
(2) If the Llywydd exercises the power conferred by section 6, Senedd Cymru is dissolved at the beginning of the period of 7 days that ends immediately before the day fixed for the holding of the poll, unless subsection (3) applies.
(3) This subsection applies where, before the day on which Senedd Cymru is due to be dissolved in accordance with subsection (2), the Llywydd exercises the power conferred by section 6 again (and, accordingly, subsection (2) applies to that exercise of the power in turn).

Section 4: Guidance on exercise of functions in the pre-election period
(1) The First Minister must publish guidance about the exercise of the functions of the First Minister, the Welsh Ministers and the Counsel General during the pre-election period for the 2021 election.
(2) The First Minister, the Welsh Ministers and the Counsel General must have regard to the guidance.
(3) The First Minister must determine the pre-election period for the 2021 election for the purpose of this section.
(4) The period determined must include the period of 30 days ending with the day fixed for the holding of the poll for the 2021 election.
(5) The guidance must be published before the end of the period of 14 days beginning with the day on which this Act receives Royal Assent.

Section 5: Date of first meeting after the 2021 election
Senedd Cymru must meet within the period of 21 days beginning immediately after the day on which the poll for the 2021 election is held.

Section 6: Power to postpone 2021 election for up to 6 months
(1) The First Minister for Wales (“the First Minister”) may propose to the Llywydd that the poll for the 2021 election is postponed if, for a reason relating to coronavirus, the First Minister considers it necessary or appropriate to do so.
(2) But before making a proposal under subsection (1), the First Minister must consult the member of staff of the Welsh Government designated by the Welsh Ministers as the Chief Medical Officer for Wales.
(3) Following a proposal from the First Minister, the Llywydd may fix a day for the holding of the poll for the 2021 election if—
(3)(a) Senedd Cymru approves the day to be fixed by a resolution passed on a vote in which the number of Senedd Members voting in favour of it is not less than two-thirds of the total number of Senedd seats, and
(3)(b) Senedd Cymru has not been dissolved.
(4) When fixing a day for the holding of the poll the Llywydd—
(4)(a) must fix a day that is the earliest day the Llywydd considers to be reasonably practicable;
(4)(b) must not fix a day that is after 5 November 2021.
(5) As soon as reasonably practicable after fixing a day for the holding of the poll, the Llywydd must lay before Senedd Cymru a statement of—
(5)(a) the day fixed for the holding of the poll, and
(5)(b) the reason for the exercise of the power to fix a day.
(6) The Electoral Commission must provide advice in relation to postponement of the poll if requested to do so by the Llywydd or the First Minister.
(7) The powers in subsections (1) and (3) may be exercised more than once.
(8) The First Minister must lay a statement before Senedd Cymru on or before 24 March 2021 setting out whether or not the First Minister intends to exercise the power in subsection (1).
(9) If the First Minister does not intend to exercise the power, the statement must set out—
(9)(a) the reasons for not exercising the power, and
(9)(b) whether, in the First Minister’s view, a full and fair election campaign can be conducted by all persons seeking election in the 2021 election which does not disadvantage any person eligible to vote in that election.
(10) Any intention expressed in the statement under subsection (8) does not affect the exercise of the power in subsection (1).
(11) Nothing in this section limits the power in section 4 of the 2006 Act to vary the date of an ordinary general election for membership of Senedd Cymru.
(12) The Welsh Ministers must publish the criteria to be used by the First Minister for determining whether it is necessary or appropriate to postpone the poll for the 2021 election for a reason relating to coronavirus under subsection (1).
(13) The criteria must be published before the end of the period of 14 days beginning with the day on which this Act receives Royal Assent.

Section 7: Power to provide for additional polling days
(1) This section applies if the day for the holding of the poll of the 2021 election is fixed under section 6.
(2) The Welsh Ministers may, by regulations made by statutory instrument, provide that polling that would otherwise be required to take place only on the date fixed under section 6 may take place on one or more additional days specified in the regulations.
(3) Regulations under subsection (2) may—
(3)(a) specify a day only if it falls within the period of 7 days immediately preceding the day fixed for the holding of the poll;
(3)(b) require polling on additional days to take place at particular locations or descriptions or categories of locations specified in the regulations;
(3)(c) modify the meaning of a relevant reference so far as it relates to provision made in the regulations.
(4) In subsection (3), a “relevant reference” means a reference (however expressed) in any enactment or document to the day or date of the poll at the 2021 election.
(5) The Electoral Commission must provide advice in relation to the exercise of the power in subsection (2) if requested to do so by the Welsh Ministers.
(6) When laying draft regulations under subsection (7) before Senedd Cymru, the Welsh Ministers must at the same time lay before Senedd Cymru a statement of the reasons for the regulations.
(7) A statutory instrument containing regulations under subsection (2) must be laid before Senedd Cymru and ceases to have effect on the expiry of 28 days beginning with the day it is made unless, before the expiry of that period, it is approved by resolution of Senedd Cymru.
(8) But if—
(8)(a) Senedd Cymru votes on a motion for a resolution to approve a statutory instrument laid under subsection (7) before the expiry of the period of 28 days mentioned in that subsection, and
(8)(b) the motion is not passed,
(8)(c) the instrument ceases to have effect at the end of the day on which the vote takes place.
(9) In calculating any period of 28 days for the purposes of subsection (7), no account is to be taken of any period during which Senedd Cymru is—
(9)(a) dissolved, or
(9)(b) in recess for more than 4 days.
(10) Subsections (7) and (8) do not—
(10)(a) affect anything done in reliance on the regulations before they ceased to have effect, or
(10)(b) prevent the making of new regulations.
(11) Regulations under subsection (2) have no effect where the poll at the 2021 election and the poll at the ordinary election of police and crime commissioners for police areas in Wales are to be taken together under article 16A of the 2007 Order.
(12) In subsection (11), “ordinary election of police and crime commissioners for police areas” has the meaning given in section 50 of the  Police Reform and Social Responsibility Act 2011 (c. 13) .

Section 8: Further power to vary date of 2021 election
(1) This section applies if the day for the holding of the poll of the 2021 election is fixed under section 6.
(2) The Llywydd may propose, for the holding of the poll, a day which is not more than one month earlier, nor more than one month later, than the day fixed under section 6.
(3) The power under subsection (2) may not be exercised so as to propose a date after 5 November 2021.
(4) If the Llywydd proposes a day under subsection (2), Her Majesty may by proclamation under the Welsh Seal—
(4)(a) dissolve Senedd Cymru;
(4)(b) require the poll at the election to be held on the day proposed.
(5) As soon as reasonably practicable after a proclamation is made under subsection (4), the Llywydd must publish a statement of—
(5)(a) the day on which the poll is to be held, and
(5)(b) the reason for the exercise of the Llywydd’s power under subsection (2).

Section 9: Guidance on election campaigning
(1) The Welsh Ministers must issue guidance to persons undertaking election campaigning activities for the purpose of an election specified in subsection (2) about how they may undertake those activities in accordance with enactments imposing restrictions relating to the control of coronavirus.
(2) The elections are—
(2)(a) the 2021 election;
(2)(b) an election to be held before 6 November 2021 under section 10 of the 2006 Act to fill a vacant constituency member seat;
(2)(c) an election to be held before 6 November 2021 to fill a casual vacancy in the office of councillor in a county council, county borough council or community council in Wales.
(3) The duty in subsection (1) only applies if, and so far as, restrictions imposed by an enactment affect election campaigning activities for the purpose of an election specified in subsection (2).

Section 10: Power to postpone Senedd by-elections
(1) This section applies after 6 May 2021 where an election is to be held under section 10 of the 2006 Act to fill a vacant constituency member seat (“a Senedd by-election”).
(2) The Llywydd may fix a date for the holding of the poll for a Senedd by-election that is outside the period required under section 10(5) or (6) of the 2006 Act.
(3) When fixing a day under subsection (2), the Llywydd must fix a day that is the earliest day the Llywydd considers to be reasonably practicable.
(4) The power under subsection (2)—
(4)(a) may be exercised more than once, and
(4)(b) may not be exercised so as to fix a date after 5 November 2021.
(5) Before exercising the power under subsection (2), the Llywydd must consult the Welsh Ministers.

Section 11: Power to postpone local authority by-elections
(1) The Welsh Ministers may, by regulations made by statutory instrument, provide—
(1)(a) that the poll for a local authority by-election is to be held on a date, or within a period, specified in the regulations;
(1)(b) that the poll for a local authority by-election that would otherwise be required to be held on a date that falls within a period specified in the regulations is instead to be held on a later date, or within another period, specified in the regulations.
(2) In this section, a “local authority by-election” is an election where—
(2)(a) the date of the poll for the election falls within the period beginning with 6 May 2021 and ending with 5 November 2021, and
(2)(b) it is an election to fill a casual vacancy in the office of councillor in a county council, county borough council or community council in Wales.
(3) Regulations under subsection (1) must not specify—
(3)(a) a date after 5 November 2021, or
(3)(b) a period ending after 5 November 2021.
(4) The power to make regulations under subsection (1) may be exercised more than once in respect of any local authority by-election.
(5) Regulations under subsection (1) may make provision by reference to local authority by-elections of a description specified in the regulations (for example, by reference to the nature, date or location of the elections).
(6) The power to make regulations under subsection (1) includes the power to amend, modify, repeal or revoke any enactment.
(7) Subsection (8) applies to a statutory instrument containing regulations under subsection (1) that amend, modify or repeal provision contained in primary legislation.
(8) A statutory instrument to which this subsection applies must be laid before Senedd Cymru and ceases to have effect on the expiry of 28 days beginning with the day it is made unless, before the expiry of that period, it is approved by resolution of Senedd Cymru.
(9) But if—
(9)(a) Senedd Cymru votes on a motion for a resolution to approve a statutory instrument laid under subsection (8) before the expiry of the period of 28 days mentioned in that subsection, and
(9)(b) the motion is not passed,
(9)(c) the instrument ceases to have effect at the end of the day on which the vote takes place.
(10) In calculating any period of 28 days for the purposes of subsection (8), no account is to be taken of any period during which Senedd Cymru is—
(10)(a) dissolved, or
(10)(b) in recess for more than 4 days.
(11) Subsections (8) and (9) do not—
(11)(a) affect anything done in reliance on the regulations before they ceased to have effect, or
(11)(b) prevent the making of new regulations.
(12) A statutory instrument containing regulations under subsection (1) to which subsection (8) does not apply is subject to annulment in pursuance of a resolution of Senedd Cymru.

Section 12: Orders and rules on the conduct of elections to be held in 2021
(1) Subsection (3) applies to a statutory instrument containing an order under section 13(1)(a) of the 2006 Act (power to make an order as to the conduct of Senedd elections) that contains provision that applies—
(1)(a) only to the 2021 election, or
(1)(b) only to an election under section 10 of the 2006 Act to fill a vacant constituency member seat the poll for which is to be held before 6 November 2021.
(2) Subsection (3) applies to a statutory instrument containing rules under section 36A of the  Representation of the People Act 1983 (c. 2)  (power to make rules in relation to the conduct of elections of councillors for local government areas in Wales) that apply only to an election to fill a casual vacancy in the office of councillor in a county council, county borough council or community council in Wales the poll for which is to be held before 6 November 2021.
(3) A statutory instrument to which this subsection applies must be laid before Senedd Cymru and ceases to have effect on the expiry of 28 days beginning with the day it is made unless, before the expiry of that period, it is approved by resolution of Senedd Cymru.
(4) But if—
(4)(a) Senedd Cymru votes on a motion for a resolution to approve a statutory instrument laid under subsection (3) before the expiry of the period of 28 days mentioned in that subsection, and
(4)(b) the motion is not passed,
(4)(c) the instrument ceases to have effect at the end of the day on which the vote takes place.
(5) In calculating any period of 28 days for the purposes of subsection (4), no account is to be taken of any period during which Senedd Cymru is—
(5)(a) dissolved, or
(5)(b) in recess for more than 4 days.
(6) Subsections (3) and (4) do not—
(6)(a) affect anything done in reliance on the order or rules before they ceased to have effect, or
(6)(b) prevent the making of a new order or new rules.

Section 13: Supplementary
(1) This Act does not affect the power of the Welsh Ministers to make an order under section 13 of the 2006 Act, but subsection (7) of that section (Senedd Cymru procedure) is subject to section 12.
(2) This Act does not affect the power of the Welsh Ministers to make rules under section 36 or section 36A of the  Representation of the People Act 1983 (c. 2) , but section 36A(10) (Senedd Cymru procedure) is subject to section 12.

Section 14: Modification of the 2007 Order
(1) The 2007 Order is modified in relation to the 2021 election as follows.
(2) Article 2(1) (interpretation) has effect as if it contained the definition of “coronavirus” given by section 16.
(3) In Article 84(2)(b) (timing of when a person becomes a candidate in relation to a Senedd general election) has effect as if—
(3)(a) for “any subsequent Assembly election” there were substituted “the ordinary general election for membership of Senedd Cymru the poll for which is, on the day on which this provision comes into force, due to be held on 6 May 2021”;
(3)(b) in paragraph (i), for sub-paragraph (aa) there were substituted—
(3)(c) “ (aa) which is 21 days before 6 May 2021, computed in accordance with rule 2 of the rules set out in Schedule 5; ” .
(3AB) The grounds are that—
(3AB)(a) the application is made as a result of the need to comply with an enactment relating to coronavirus or to follow guidance relating to coronavirus issued by the Welsh Ministers, and
(3AB)(b) the applicant became aware of the grounds after 5pm on the sixth day before the date of the poll at the election for which it is made. ”
(4) In Schedule 1, paragraph 7 (closing date for applications for absent voting at Senedd elections) has effect as if—
(4)(a) in sub-paragraph (2), after “sub-paragraph (3)” there were inserted “and sub-paragraph (3A)”;
(4)(b) after sub-paragraph (3) there were inserted—
(4)(c) “ (3A) Where an application—
(4)(a) to vote by proxy under article 9(1), or
(4)(b) for the appointment of a proxy under article 11(6) or (7)
(4)(f) is made on the grounds set out in sub-paragraph (3AB) the application shall be disregarded if it is received after 5pm on the day of the poll at the election for which it is made.
(5) In Schedule 5 (Senedd election rules)—
(5)(a) rule 1(1) (timetable for conduct of proceedings at a Senedd election), in the table, in the column headed “Time”, the entry corresponding to the entry “Delivery of nomination papers.” has effect as if—
(5)(a)(i) the reference to “10” were substituted by “9”;
(5)(a)(ii) the reference to “4” were substituted by “5”.
(5)(b) rule 4 (nomination of candidates at a Senedd constituency election) has effect as if after paragraph (1) there were inserted—
(5)(c) “ (1A) The constituency nomination paper may also be delivered on the candidate’s behalf by a person authorised by the candidate for the purpose if the candidate has given the person’s name and address to the returning officer in writing or electronically before or at the time the paper is delivered. ”
(5)(c) rule 6 (nomination of individual candidates at a Senedd regional election) has effect as if after paragraph (1) there were inserted—
(5)(e) “ (1A) The individual nomination paper may also be delivered on the candidate’s behalf by a person authorised by the candidate for the purpose if the candidate has given the person’s name and address to the returning officer in writing or electronically before or at the time the paper is delivered. ”
(5)(d) rule 9(1) (consent to nomination at a Senedd constituency election) has effect as if⁠—
(5)(d)(i) sub-paragraph (b) were omitted;
(5)(d)(ii) for sub-paragraph (c) there were substituted—
(5)(g) “ (c) is delivered at the place for the delivery of nomination papers or is delivered electronically to an electronic address for that purpose; and
(5)(d) is delivered within the time specified for the delivery of the nomination papers. ”
(5)(e) rule 9(2) (consent to nomination at a Senedd regional election) has effect as if—
(5)(e)(i) sub-paragraph (b) were omitted;
(5)(e)(ii) for sub-paragraph (c) there were substituted—
(5)(j) “ (c) is delivered at the place for the delivery of individual nomination papers or party nomination papers, or is delivered electronically to an electronic address for that purpose; and
(5)(d) is delivered within the time specified for the delivery of the nomination papers. ”

Section 15: Review: preparations for the holding of the poll
(1) The Welsh Ministers must carry out reviews of the preparations for the holding of the poll for the 2021 election.
(2) The first review must take place by 19 February 2021.
(3) Subsequent reviews must take place at least once in each subsequent period of 21 days up until the poll for the 2021 election is held.
(4) As soon as reasonably practicable after a review, the Welsh Ministers must lay before Senedd Cymru a statement summarising the result of the review and stating whether any postponement of the 2021 election is reasonably anticipated.

Section 16: General
In this Act— “the 2006 Act” (“ Deddf 2006 ”) means the  Government of Wales Act 2006 (c. 32) ; “the 2007 Order” (“ Gorchymyn 2007 ”) means the  National Assembly for Wales (Representation of the People) Order 2007 (S.I. 2007/236) ; “the 2021 election” (“ etholiad 2021 ”) has the meaning given by section 1; “coronavirus” (“ coronafirws ”) means severe acute respiratory syndrome coronavirus 2 (SARS-CoV-2); “the Llywydd” means the Presiding Officer of Senedd Cymru; “primary legislation” (“ deddfwriaeth sylfaenol ”) means— (a) a Measure passed under Part 3 of the  Government of Wales Act 2006 (c. 32) ; (b) an Act passed under Part 4 of that Act; (c) an Act of the Parliament of the United Kingdom.

Section 17: Power to make consequential and transitional provision etc.
(1) If the Welsh Ministers consider it necessary or appropriate for the purposes of, in consequence of, or for giving full effect to any provision of this Act or provision made under it, they may by regulations made by statutory instrument make—
(1)(a) supplementary, incidental or consequential provision;
(1)(b) transitional, transitory or saving provision.
(2) Regulations under subsection (1) may—
(2)(a) make retrospective provision in relation to a local authority by-election within the meaning given by section 11(2), including provision having effect in relation to times before the coming into force of this Act;
(2)(b) amend, modify, repeal or revoke any enactment (including provision contained in this Act);
(2)(c) make different provision for different purposes or areas.
(3) Subsection (4) applies to a statutory instrument containing regulations under subsection (1) that amend, modify or repeal provision contained in primary legislation.
(4) A statutory instrument to which this subsection applies must be laid before Senedd Cymru and ceases to have effect on the expiry of 28 days beginning with the day it is made unless, before the expiry of that period, it is approved by resolution of Senedd Cymru.
(5) But if—
(5)(a) Senedd Cymru votes on a motion for a resolution to approve a statutory instrument laid under subsection (4) before the expiry of the period of 28 days mentioned in that subsection, and
(5)(b) the motion is not passed,
(5)(c) the instrument ceases to have effect at the end of the day on which the vote takes place.
(6) In calculating any period of 28 days for the purposes of subsection (4), no account is to be taken of any period during which Senedd Cymru is—
(6)(a) dissolved, or
(6)(b) in recess for more than 4 days.
(7) Subsections (4) and (5) do not—
(7)(a) affect anything done in reliance on the regulations before they ceased to have effect, or
(7)(b) prevent the making of new regulations.
(8) A statutory instrument containing regulations under subsection (1) to which subsection (4) does not apply is subject to annulment in pursuance of a resolution of Senedd Cymru.

Section 18: Coming into force
This Act comes into force on the day after the day on which this Act receives Royal Assent.

Section 19: Short title
The short title of this Act is the Welsh Elections (Coronavirus) Act 2021.",NA,275
1668,11,"In the definition of “parent partnership services,” after “under” insert a new provision.",No,Regulations,Legal Instrument,Insert provision,None,No,None,No,None,Amendment,Education,Parent partnership services,Systemic Condition,wsi/2022/913,All,full,"Section Regulation 1: The Education (Special Educational Needs) (Wales) Regulations 2002
The title of these Regulations is the Additional Learning Needs and Education Tribunal (Wales) Act 2018 (Consequential and Miscellaneous Amendments) Regulations 2022 and they come into force on 14 September 2022.

Section Regulation 2
—(1) Regulation 17 of the Education (Special Educational Needs) (Wales) Regulations 2002( 2 ) is amended as follows.
(2) In paragraph (4)—
(2)(a) after sub-paragraph (c) insert
(2)(b) ;
(2)(b) omit sub-paragraph (e) and the “or” before it.
(3) In paragraph (7)(b) for “(e)” substitute .“(d)”

Section Regulation 3: The Education Standards Grants (Wales) Regulations 2002
—(1) The Education Standards Grants (Wales) Regulations 2002( 3 ) are amended as follows.
(2) In regulation 2(1)— “ “ IDP review ” (“ adolygiad CDU ”) means the review of an individual development plan required by section 23 of the 2018 Act; ” ; “ “ individual development plan ” (“ cynllun datblygu unigol ”) means an individual development plan maintained under Part 2 of the 2018 Act; ” .
(2)(a) at the appropriate places insert—
(2)(b) “ “ additional learning needs ” (“ anghenion dysgu ychwanegol ”) has the same meaning as in the 2018 Act; ” ;
(2)(b) in the definition of “learning support assistant” after “with” insert
(2)(d) ;
(2)(c) in the definition of “parent partnership services”—
(2)(c)(i) after “under” insert , and
(2)(c)(ii) after “special educational needs”, in both places it occurs, insert .
(3) In paragraph 6 of the Schedule—
(3)(a) in sub-paragraphs (a), (c), (d) and (g) after “special educational needs”, in each place it occurs, insert
(3)(b) ;
(3)(b) in sub-paragraph (b) after “needs” insert
(3)(d) ;
(3)(c) in sub-paragraph (c) after “annual review meetings” insert
(3)(f) ;
(3)(d) in sub-paragraph (h) after “needs” insert
(3)(h) ;
(3)(e) in sub-paragraph (i) after “provision” insert
(3)(j) .

Section Regulation 4: The Education (Admission Forums) (Wales) Regulations 2003
—(1) The Education (Admission Forums) (Wales) Regulations 2003( 5 ) are amended as follows.
(2) In regulation 3(1)(g), after “needs,” insert .“children with additional learning needs (within the meaning given by section 2 of the Additional Learning Needs and Education Tribunal (Wales) Act 2018),”

Section Regulation 5: The School Councils (Wales) Regulations 2005
—(1) The School Councils (Wales) Regulations 2005( 6 ) are amended as follows.
(2) In regulation 2—
(2)(a) at the appropriate places, insert—
(2)(b) “ “ additional learning needs resource base ” (“ canolfan adnoddau anghenion dysgu ychwanegol ”) means a class or department within a school for pupils with additional learning needs; ” ;
(2)(b) at the end of the definition of “infant school” omit “and”; and
(2)(c) omit the definition of “special educational needs resource base”.
(3) In regulation 4(4) for “special educational”, in both places it occurs, substitute .“additional learning”

Section Regulation 6: The Special Educational Needs Tribunal for Wales Regulations 2012
—(1) The Special Educational Needs Tribunal for Wales Regulations 2012( 7 ) are amended as follows.
(2) In regulation 61(5)—
(2)(a) after sub-paragraph (c) insert
(2)(b) ;
(2)(b) omit subparagraph (e) and the “or” before it.
(3) In regulation 62(3)—
(3)(a) after sub-paragraph (c) insert
(3)(b) ;
(3)(b) omit sub-paragraph (e) and the “or” before it.

Section Regulation 7: The Selection of the President of the Welsh Tribunals Regulations 2017
—(1) The Selection of the President of the Welsh Tribunals Regulations 2017( 8 ) are amended as follows.
(2) In regulation 1(2)(b), in the table, at the end of the provision in the left-hand column “Section 333(2)(a) of the Education Act 1996” insert . Jeremy Miles Minister for Education and Welsh Language, one of the Welsh Ministers“or Section 91(3) of the Additional Learning Needs and Education Tribunal (Wales) Act 2018( 9 )”

Section Regulation 22: August 2022",NA,1667
294,13(1),This Act does not affect the power of the Welsh Ministers to make an order under section 13 of the 2006 Act.,No,Welsh Ministers,Government Officials,Maintain power to make order.,None,Yes,Does not affect section 13 power.,No,None,Clarification,Legislative,Order,Systemic Condition,asc/2021/2,All,full,"Section 1: The 2021 election
In this Act, “the 2021 election” means the ordinary general election for membership of Senedd Cymru the poll for which is due to be held in 2021.

Section 2: Application of provisions of Government of Wales Act 2006
(1) Subsections (2) to (4) of section 3 of the 2006 Act (dissolution of Senedd Cymru before an ordinary general election and date of first meeting after the election) do not apply to the 2021 election.
(2) Section 3(1) of the 2006 Act (day on which the poll at an ordinary general election is held) has effect subject to the provisions of section 6.
(3) Section 4(2)(c) of the 2006 Act (period within which Senedd Cymru must meet where the day of poll is varied by proclamation) does not apply to the 2021 election.
(4) Section 10 of the 2006 Act (constituency vacancies) has effect subject to the provisions of section 10.

Section 3: Dissolution of the current Senedd
(1) For the purpose of the holding of the poll for the 2021 election, Senedd Cymru is dissolved on 29 April 2021, unless—
(1)(a) the Llywydd exercises the power conferred by section 6 (power to postpone 2021 election for up to 6 months), or
(1)(b) Her Majesty dissolves Senedd Cymru before that day by proclamation under section 4(2) of the 2006 Act (power to vary date of Senedd ordinary general election).
(2) If the Llywydd exercises the power conferred by section 6, Senedd Cymru is dissolved at the beginning of the period of 7 days that ends immediately before the day fixed for the holding of the poll, unless subsection (3) applies.
(3) This subsection applies where, before the day on which Senedd Cymru is due to be dissolved in accordance with subsection (2), the Llywydd exercises the power conferred by section 6 again (and, accordingly, subsection (2) applies to that exercise of the power in turn).

Section 4: Guidance on exercise of functions in the pre-election period
(1) The First Minister must publish guidance about the exercise of the functions of the First Minister, the Welsh Ministers and the Counsel General during the pre-election period for the 2021 election.
(2) The First Minister, the Welsh Ministers and the Counsel General must have regard to the guidance.
(3) The First Minister must determine the pre-election period for the 2021 election for the purpose of this section.
(4) The period determined must include the period of 30 days ending with the day fixed for the holding of the poll for the 2021 election.
(5) The guidance must be published before the end of the period of 14 days beginning with the day on which this Act receives Royal Assent.

Section 5: Date of first meeting after the 2021 election
Senedd Cymru must meet within the period of 21 days beginning immediately after the day on which the poll for the 2021 election is held.

Section 6: Power to postpone 2021 election for up to 6 months
(1) The First Minister for Wales (“the First Minister”) may propose to the Llywydd that the poll for the 2021 election is postponed if, for a reason relating to coronavirus, the First Minister considers it necessary or appropriate to do so.
(2) But before making a proposal under subsection (1), the First Minister must consult the member of staff of the Welsh Government designated by the Welsh Ministers as the Chief Medical Officer for Wales.
(3) Following a proposal from the First Minister, the Llywydd may fix a day for the holding of the poll for the 2021 election if—
(3)(a) Senedd Cymru approves the day to be fixed by a resolution passed on a vote in which the number of Senedd Members voting in favour of it is not less than two-thirds of the total number of Senedd seats, and
(3)(b) Senedd Cymru has not been dissolved.
(4) When fixing a day for the holding of the poll the Llywydd—
(4)(a) must fix a day that is the earliest day the Llywydd considers to be reasonably practicable;
(4)(b) must not fix a day that is after 5 November 2021.
(5) As soon as reasonably practicable after fixing a day for the holding of the poll, the Llywydd must lay before Senedd Cymru a statement of—
(5)(a) the day fixed for the holding of the poll, and
(5)(b) the reason for the exercise of the power to fix a day.
(6) The Electoral Commission must provide advice in relation to postponement of the poll if requested to do so by the Llywydd or the First Minister.
(7) The powers in subsections (1) and (3) may be exercised more than once.
(8) The First Minister must lay a statement before Senedd Cymru on or before 24 March 2021 setting out whether or not the First Minister intends to exercise the power in subsection (1).
(9) If the First Minister does not intend to exercise the power, the statement must set out—
(9)(a) the reasons for not exercising the power, and
(9)(b) whether, in the First Minister’s view, a full and fair election campaign can be conducted by all persons seeking election in the 2021 election which does not disadvantage any person eligible to vote in that election.
(10) Any intention expressed in the statement under subsection (8) does not affect the exercise of the power in subsection (1).
(11) Nothing in this section limits the power in section 4 of the 2006 Act to vary the date of an ordinary general election for membership of Senedd Cymru.
(12) The Welsh Ministers must publish the criteria to be used by the First Minister for determining whether it is necessary or appropriate to postpone the poll for the 2021 election for a reason relating to coronavirus under subsection (1).
(13) The criteria must be published before the end of the period of 14 days beginning with the day on which this Act receives Royal Assent.

Section 7: Power to provide for additional polling days
(1) This section applies if the day for the holding of the poll of the 2021 election is fixed under section 6.
(2) The Welsh Ministers may, by regulations made by statutory instrument, provide that polling that would otherwise be required to take place only on the date fixed under section 6 may take place on one or more additional days specified in the regulations.
(3) Regulations under subsection (2) may—
(3)(a) specify a day only if it falls within the period of 7 days immediately preceding the day fixed for the holding of the poll;
(3)(b) require polling on additional days to take place at particular locations or descriptions or categories of locations specified in the regulations;
(3)(c) modify the meaning of a relevant reference so far as it relates to provision made in the regulations.
(4) In subsection (3), a “relevant reference” means a reference (however expressed) in any enactment or document to the day or date of the poll at the 2021 election.
(5) The Electoral Commission must provide advice in relation to the exercise of the power in subsection (2) if requested to do so by the Welsh Ministers.
(6) When laying draft regulations under subsection (7) before Senedd Cymru, the Welsh Ministers must at the same time lay before Senedd Cymru a statement of the reasons for the regulations.
(7) A statutory instrument containing regulations under subsection (2) must be laid before Senedd Cymru and ceases to have effect on the expiry of 28 days beginning with the day it is made unless, before the expiry of that period, it is approved by resolution of Senedd Cymru.
(8) But if—
(8)(a) Senedd Cymru votes on a motion for a resolution to approve a statutory instrument laid under subsection (7) before the expiry of the period of 28 days mentioned in that subsection, and
(8)(b) the motion is not passed,
(8)(c) the instrument ceases to have effect at the end of the day on which the vote takes place.
(9) In calculating any period of 28 days for the purposes of subsection (7), no account is to be taken of any period during which Senedd Cymru is—
(9)(a) dissolved, or
(9)(b) in recess for more than 4 days.
(10) Subsections (7) and (8) do not—
(10)(a) affect anything done in reliance on the regulations before they ceased to have effect, or
(10)(b) prevent the making of new regulations.
(11) Regulations under subsection (2) have no effect where the poll at the 2021 election and the poll at the ordinary election of police and crime commissioners for police areas in Wales are to be taken together under article 16A of the 2007 Order.
(12) In subsection (11), “ordinary election of police and crime commissioners for police areas” has the meaning given in section 50 of the  Police Reform and Social Responsibility Act 2011 (c. 13) .

Section 8: Further power to vary date of 2021 election
(1) This section applies if the day for the holding of the poll of the 2021 election is fixed under section 6.
(2) The Llywydd may propose, for the holding of the poll, a day which is not more than one month earlier, nor more than one month later, than the day fixed under section 6.
(3) The power under subsection (2) may not be exercised so as to propose a date after 5 November 2021.
(4) If the Llywydd proposes a day under subsection (2), Her Majesty may by proclamation under the Welsh Seal—
(4)(a) dissolve Senedd Cymru;
(4)(b) require the poll at the election to be held on the day proposed.
(5) As soon as reasonably practicable after a proclamation is made under subsection (4), the Llywydd must publish a statement of—
(5)(a) the day on which the poll is to be held, and
(5)(b) the reason for the exercise of the Llywydd’s power under subsection (2).

Section 9: Guidance on election campaigning
(1) The Welsh Ministers must issue guidance to persons undertaking election campaigning activities for the purpose of an election specified in subsection (2) about how they may undertake those activities in accordance with enactments imposing restrictions relating to the control of coronavirus.
(2) The elections are—
(2)(a) the 2021 election;
(2)(b) an election to be held before 6 November 2021 under section 10 of the 2006 Act to fill a vacant constituency member seat;
(2)(c) an election to be held before 6 November 2021 to fill a casual vacancy in the office of councillor in a county council, county borough council or community council in Wales.
(3) The duty in subsection (1) only applies if, and so far as, restrictions imposed by an enactment affect election campaigning activities for the purpose of an election specified in subsection (2).

Section 10: Power to postpone Senedd by-elections
(1) This section applies after 6 May 2021 where an election is to be held under section 10 of the 2006 Act to fill a vacant constituency member seat (“a Senedd by-election”).
(2) The Llywydd may fix a date for the holding of the poll for a Senedd by-election that is outside the period required under section 10(5) or (6) of the 2006 Act.
(3) When fixing a day under subsection (2), the Llywydd must fix a day that is the earliest day the Llywydd considers to be reasonably practicable.
(4) The power under subsection (2)—
(4)(a) may be exercised more than once, and
(4)(b) may not be exercised so as to fix a date after 5 November 2021.
(5) Before exercising the power under subsection (2), the Llywydd must consult the Welsh Ministers.

Section 11: Power to postpone local authority by-elections
(1) The Welsh Ministers may, by regulations made by statutory instrument, provide—
(1)(a) that the poll for a local authority by-election is to be held on a date, or within a period, specified in the regulations;
(1)(b) that the poll for a local authority by-election that would otherwise be required to be held on a date that falls within a period specified in the regulations is instead to be held on a later date, or within another period, specified in the regulations.
(2) In this section, a “local authority by-election” is an election where—
(2)(a) the date of the poll for the election falls within the period beginning with 6 May 2021 and ending with 5 November 2021, and
(2)(b) it is an election to fill a casual vacancy in the office of councillor in a county council, county borough council or community council in Wales.
(3) Regulations under subsection (1) must not specify—
(3)(a) a date after 5 November 2021, or
(3)(b) a period ending after 5 November 2021.
(4) The power to make regulations under subsection (1) may be exercised more than once in respect of any local authority by-election.
(5) Regulations under subsection (1) may make provision by reference to local authority by-elections of a description specified in the regulations (for example, by reference to the nature, date or location of the elections).
(6) The power to make regulations under subsection (1) includes the power to amend, modify, repeal or revoke any enactment.
(7) Subsection (8) applies to a statutory instrument containing regulations under subsection (1) that amend, modify or repeal provision contained in primary legislation.
(8) A statutory instrument to which this subsection applies must be laid before Senedd Cymru and ceases to have effect on the expiry of 28 days beginning with the day it is made unless, before the expiry of that period, it is approved by resolution of Senedd Cymru.
(9) But if—
(9)(a) Senedd Cymru votes on a motion for a resolution to approve a statutory instrument laid under subsection (8) before the expiry of the period of 28 days mentioned in that subsection, and
(9)(b) the motion is not passed,
(9)(c) the instrument ceases to have effect at the end of the day on which the vote takes place.
(10) In calculating any period of 28 days for the purposes of subsection (8), no account is to be taken of any period during which Senedd Cymru is—
(10)(a) dissolved, or
(10)(b) in recess for more than 4 days.
(11) Subsections (8) and (9) do not—
(11)(a) affect anything done in reliance on the regulations before they ceased to have effect, or
(11)(b) prevent the making of new regulations.
(12) A statutory instrument containing regulations under subsection (1) to which subsection (8) does not apply is subject to annulment in pursuance of a resolution of Senedd Cymru.

Section 12: Orders and rules on the conduct of elections to be held in 2021
(1) Subsection (3) applies to a statutory instrument containing an order under section 13(1)(a) of the 2006 Act (power to make an order as to the conduct of Senedd elections) that contains provision that applies—
(1)(a) only to the 2021 election, or
(1)(b) only to an election under section 10 of the 2006 Act to fill a vacant constituency member seat the poll for which is to be held before 6 November 2021.
(2) Subsection (3) applies to a statutory instrument containing rules under section 36A of the  Representation of the People Act 1983 (c. 2)  (power to make rules in relation to the conduct of elections of councillors for local government areas in Wales) that apply only to an election to fill a casual vacancy in the office of councillor in a county council, county borough council or community council in Wales the poll for which is to be held before 6 November 2021.
(3) A statutory instrument to which this subsection applies must be laid before Senedd Cymru and ceases to have effect on the expiry of 28 days beginning with the day it is made unless, before the expiry of that period, it is approved by resolution of Senedd Cymru.
(4) But if—
(4)(a) Senedd Cymru votes on a motion for a resolution to approve a statutory instrument laid under subsection (3) before the expiry of the period of 28 days mentioned in that subsection, and
(4)(b) the motion is not passed,
(4)(c) the instrument ceases to have effect at the end of the day on which the vote takes place.
(5) In calculating any period of 28 days for the purposes of subsection (4), no account is to be taken of any period during which Senedd Cymru is—
(5)(a) dissolved, or
(5)(b) in recess for more than 4 days.
(6) Subsections (3) and (4) do not—
(6)(a) affect anything done in reliance on the order or rules before they ceased to have effect, or
(6)(b) prevent the making of a new order or new rules.

Section 13: Supplementary
(1) This Act does not affect the power of the Welsh Ministers to make an order under section 13 of the 2006 Act, but subsection (7) of that section (Senedd Cymru procedure) is subject to section 12.
(2) This Act does not affect the power of the Welsh Ministers to make rules under section 36 or section 36A of the  Representation of the People Act 1983 (c. 2) , but section 36A(10) (Senedd Cymru procedure) is subject to section 12.

Section 14: Modification of the 2007 Order
(1) The 2007 Order is modified in relation to the 2021 election as follows.
(2) Article 2(1) (interpretation) has effect as if it contained the definition of “coronavirus” given by section 16.
(3) In Article 84(2)(b) (timing of when a person becomes a candidate in relation to a Senedd general election) has effect as if—
(3)(a) for “any subsequent Assembly election” there were substituted “the ordinary general election for membership of Senedd Cymru the poll for which is, on the day on which this provision comes into force, due to be held on 6 May 2021”;
(3)(b) in paragraph (i), for sub-paragraph (aa) there were substituted—
(3)(c) “ (aa) which is 21 days before 6 May 2021, computed in accordance with rule 2 of the rules set out in Schedule 5; ” .
(3AB) The grounds are that—
(3AB)(a) the application is made as a result of the need to comply with an enactment relating to coronavirus or to follow guidance relating to coronavirus issued by the Welsh Ministers, and
(3AB)(b) the applicant became aware of the grounds after 5pm on the sixth day before the date of the poll at the election for which it is made. ”
(4) In Schedule 1, paragraph 7 (closing date for applications for absent voting at Senedd elections) has effect as if—
(4)(a) in sub-paragraph (2), after “sub-paragraph (3)” there were inserted “and sub-paragraph (3A)”;
(4)(b) after sub-paragraph (3) there were inserted—
(4)(c) “ (3A) Where an application—
(4)(a) to vote by proxy under article 9(1), or
(4)(b) for the appointment of a proxy under article 11(6) or (7)
(4)(f) is made on the grounds set out in sub-paragraph (3AB) the application shall be disregarded if it is received after 5pm on the day of the poll at the election for which it is made.
(5) In Schedule 5 (Senedd election rules)—
(5)(a) rule 1(1) (timetable for conduct of proceedings at a Senedd election), in the table, in the column headed “Time”, the entry corresponding to the entry “Delivery of nomination papers.” has effect as if—
(5)(a)(i) the reference to “10” were substituted by “9”;
(5)(a)(ii) the reference to “4” were substituted by “5”.
(5)(b) rule 4 (nomination of candidates at a Senedd constituency election) has effect as if after paragraph (1) there were inserted—
(5)(c) “ (1A) The constituency nomination paper may also be delivered on the candidate’s behalf by a person authorised by the candidate for the purpose if the candidate has given the person’s name and address to the returning officer in writing or electronically before or at the time the paper is delivered. ”
(5)(c) rule 6 (nomination of individual candidates at a Senedd regional election) has effect as if after paragraph (1) there were inserted—
(5)(e) “ (1A) The individual nomination paper may also be delivered on the candidate’s behalf by a person authorised by the candidate for the purpose if the candidate has given the person’s name and address to the returning officer in writing or electronically before or at the time the paper is delivered. ”
(5)(d) rule 9(1) (consent to nomination at a Senedd constituency election) has effect as if⁠—
(5)(d)(i) sub-paragraph (b) were omitted;
(5)(d)(ii) for sub-paragraph (c) there were substituted—
(5)(g) “ (c) is delivered at the place for the delivery of nomination papers or is delivered electronically to an electronic address for that purpose; and
(5)(d) is delivered within the time specified for the delivery of the nomination papers. ”
(5)(e) rule 9(2) (consent to nomination at a Senedd regional election) has effect as if—
(5)(e)(i) sub-paragraph (b) were omitted;
(5)(e)(ii) for sub-paragraph (c) there were substituted—
(5)(j) “ (c) is delivered at the place for the delivery of individual nomination papers or party nomination papers, or is delivered electronically to an electronic address for that purpose; and
(5)(d) is delivered within the time specified for the delivery of the nomination papers. ”

Section 15: Review: preparations for the holding of the poll
(1) The Welsh Ministers must carry out reviews of the preparations for the holding of the poll for the 2021 election.
(2) The first review must take place by 19 February 2021.
(3) Subsequent reviews must take place at least once in each subsequent period of 21 days up until the poll for the 2021 election is held.
(4) As soon as reasonably practicable after a review, the Welsh Ministers must lay before Senedd Cymru a statement summarising the result of the review and stating whether any postponement of the 2021 election is reasonably anticipated.

Section 16: General
In this Act— “the 2006 Act” (“ Deddf 2006 ”) means the  Government of Wales Act 2006 (c. 32) ; “the 2007 Order” (“ Gorchymyn 2007 ”) means the  National Assembly for Wales (Representation of the People) Order 2007 (S.I. 2007/236) ; “the 2021 election” (“ etholiad 2021 ”) has the meaning given by section 1; “coronavirus” (“ coronafirws ”) means severe acute respiratory syndrome coronavirus 2 (SARS-CoV-2); “the Llywydd” means the Presiding Officer of Senedd Cymru; “primary legislation” (“ deddfwriaeth sylfaenol ”) means— (a) a Measure passed under Part 3 of the  Government of Wales Act 2006 (c. 32) ; (b) an Act passed under Part 4 of that Act; (c) an Act of the Parliament of the United Kingdom.

Section 17: Power to make consequential and transitional provision etc.
(1) If the Welsh Ministers consider it necessary or appropriate for the purposes of, in consequence of, or for giving full effect to any provision of this Act or provision made under it, they may by regulations made by statutory instrument make—
(1)(a) supplementary, incidental or consequential provision;
(1)(b) transitional, transitory or saving provision.
(2) Regulations under subsection (1) may—
(2)(a) make retrospective provision in relation to a local authority by-election within the meaning given by section 11(2), including provision having effect in relation to times before the coming into force of this Act;
(2)(b) amend, modify, repeal or revoke any enactment (including provision contained in this Act);
(2)(c) make different provision for different purposes or areas.
(3) Subsection (4) applies to a statutory instrument containing regulations under subsection (1) that amend, modify or repeal provision contained in primary legislation.
(4) A statutory instrument to which this subsection applies must be laid before Senedd Cymru and ceases to have effect on the expiry of 28 days beginning with the day it is made unless, before the expiry of that period, it is approved by resolution of Senedd Cymru.
(5) But if—
(5)(a) Senedd Cymru votes on a motion for a resolution to approve a statutory instrument laid under subsection (4) before the expiry of the period of 28 days mentioned in that subsection, and
(5)(b) the motion is not passed,
(5)(c) the instrument ceases to have effect at the end of the day on which the vote takes place.
(6) In calculating any period of 28 days for the purposes of subsection (4), no account is to be taken of any period during which Senedd Cymru is—
(6)(a) dissolved, or
(6)(b) in recess for more than 4 days.
(7) Subsections (4) and (5) do not—
(7)(a) affect anything done in reliance on the regulations before they ceased to have effect, or
(7)(b) prevent the making of new regulations.
(8) A statutory instrument containing regulations under subsection (1) to which subsection (4) does not apply is subject to annulment in pursuance of a resolution of Senedd Cymru.

Section 18: Coming into force
This Act comes into force on the day after the day on which this Act receives Royal Assent.

Section 19: Short title
The short title of this Act is the Welsh Elections (Coronavirus) Act 2021.",NA,293
469,30(5),Welsh Ministers must publish the direction.,No,Welsh Ministers,Government,Publish direction,Minor Procedural Delegation,No,None,No,None,Reporting Obligation,Public Procurement,Direction,Output,asc/2023/1,Section 30,article,"Section 30: Social public works clauses: Welsh Ministers’ response
(1) Where the Welsh Ministers receive a notification from a contracting authority under section 29(1), they must—
(1)(a) publish a summary of the notification, and
(1)(b) consider whether they are satisfied with the reasons given in it.
(2) In considering whether they are satisfied with the reasons, the Welsh Ministers may—
(2)(a) consult the authority;
(2)(b) by notice require the authority to provide any documents or other information as the Welsh Ministers may require for the purposes of subsection (1) in such form or manner as may be specified in the notice;
(2)(c) provide the SPC public procurement subgroup (see section 9) with a copy of the notification under section 29(1) and any documents or other information received under paragraph (b);
(2)(d) consult the SPC public procurement subgroup.
(3) If, following consideration under subsection (1), the Welsh Ministers are satisfied, they must publish a summary of their reasons for being satisfied.
(4) If, following consideration under subsection (1), the Welsh Ministers are not satisfied, they may direct the contracting authority to take all reasonable steps to—
(4)(a) include social public works clauses in the major construction contract,
(4)(b) put processes in place for ensuring that obligations in social public works clauses are implemented, or
(4)(c) put processes in place for ensuring that obligations in social public works clauses are implemented where the contract is subcontracted.
(5) Where the Welsh Ministers give a direction under subsection (4), they must—
(5)(a) inform the SPC public procurement subgroup that they have given the direction, and
(5)(b) publish the direction.
(6) Where the Welsh Ministers do not give a direction under subsection (4) despite not being satisfied, they must—
(6)(a) inform the SPC public procurement subgroup that they have not given a direction, and
(6)(b) publish a summary of—
(6)(b)(i) their reasons for not being satisfied, and
(6)(b)(ii) their reasons for not giving a direction despite not being satisfied.
(7) The Welsh Ministers must take any action taken under subsections (2)(a) or (b) as soon as reasonably practicable.
(8) A contracting authority must provide any documents or other information it is required to provide under subsection (2)(b) as soon as reasonably practicable.
(9) Nothing in this section requires the Welsh Ministers to publish information which, following consultation with the appropriate contracting authority, the Welsh Ministers consider would be exempt from disclosure were it to be subject to a request for information under the  Freedom of Information Act 2000 (c. 36) .",NA,468
125,16B(3)(a),The Llywydd’s Committee must examine each plan submitted to it.,No,Llywydd’s Committee,Organization,Plan examination,Minor Procedural Delegation,No,None,No,None,Inspection Mandate,Electoral Administration,Plan for devolved Welsh elections and referendums,Output,anaw/2020/1,Section 28,article,"Section 28: Oversight of administration of elections
(1) Schedule 1 to the  Political Parties, Elections and Referendums Act 2000 (c. 41)  is amended as follows.
(2) After paragraph 16 insert—
(3) In paragraph 18 (audit)—
(3)(a) in sub-paragraph (1)(b), at the end insert
(3)(b) ;
(3)(b) in sub-paragraph (2)(b), after “Parliament” insert
(3)(d) ;
(3)(c) after sub-paragraph (2) insert—
(4) In paragraph 19(4) (responsibilities of accounting officer), after “the Speaker’s Committee” insert .
(5) After paragraph 20 insert—
(6) In paragraph 25—
(6)(a) the existing provision becomes sub-paragraph (1);
(6)(b) after that sub-paragraph insert—
(7) Schedule 2 contains further amendments relating to the Electoral Commission.“Financing of Commission: devolved Welsh elections and referendums
16A (1) The expenditure of the Commission that is attributable to the exercise of the Commission’s functions in relation to devolved Welsh elections and devolved Welsh referendums is (so far as it cannot be met out of income received by the Commission) to be payable out of the Welsh Consolidated Fund.
(2) For each financial year, the Commission must prepare an estimate of the Commission’s income and expenditure that is attributable to the exercise of the Commission’s functions in relation to devolved Welsh elections and devolved Welsh referendums.
(3) At least six months before the start of the financial year to which an estimate relates, the Commission must submit the estimate to the Llywydd’s Committee.
(4) During the financial year to which an estimate relates, the Commission may prepare a revised estimate and submit it to the Llywydd’s Committee; and references in the rest of this paragraph to an estimate include a revised estimate.
(5) The committees of Senedd Cymru must include one to be known as the Llywydd’s Committee or Pwyllgor y Llywydd.
(6) The committee must be chaired by the Presiding Officer or the Deputy Presiding Officer.
(7) The Llywydd’s Committee must—
(a) examine each estimate submitted to it,
(b) decide whether it is satisfied that the estimated level of income and expenditure is consistent with the economical, efficient and effective discharge by the Commission of their functions in relation to devolved Welsh elections and devolved Welsh referendums, and
(c) if it is not so satisfied, make such modifications to the estimate as it considers appropriate for the purpose of achieving such consistency.
(8) Before deciding whether it is so satisfied or making any such modifications, the Llywydd’s Committee must—
(a) have regard to the most recent report made to it by the Comptroller and Auditor General under paragraph 16C(2), to any later report made under paragraph 16C(4), and to any recommendations contained in the reports;
(b) consult the Welsh Ministers and have regard to any advice the Welsh Ministers may give.
(9) The Llywydd’s Committee must, after concluding its examination and making its modifications (if any) to the estimate, lay the estimate before Senedd Cymru.
(10) If the Llywydd’s Committee, in the discharge of its functions under this paragraph—
(a) does not follow any recommendation contained in a report of the Comptroller and Auditor General,
(b) does not follow any advice given to it by the Welsh Ministers, or
(c) makes any modification to the estimate,
it must include in the next report which it makes to Senedd Cymru under paragraph 20B a statement of its reasons for so doing.
Five-year plan: devolved Welsh elections and referendums
16B (1) This paragraph applies where paragraph 16A(3) requires the Commission to submit an estimate to the Llywydd’s Committee and⁠—
(a) the estimate is the first estimate to be submitted under paragraph 16A(3),
(b) the estimate relates to the first financial year to begin after the day on which Senedd Cymru meets following an ordinary general election of Members of the Senedd, or
(c) the estimate relates to any other financial year and the Llywydd’s Committee requires the Commission to submit a plan under this paragraph.
(2) When the Commission submit the estimate, the Commission must at the same time submit to the Llywydd’s Committee a plan setting out⁠—
(a) the Commission’s aims and objectives for the exercise of the Commission’s functions in relation to devolved Welsh elections and devolved Welsh referendums during the period of five years beginning with the financial year to which the estimate relates, and
(b) the Commission’s estimated requirements for resources for the exercise of those functions during that five-year period.
(3) The Llywydd’s Committee must—
(a) examine each plan submitted to it,
(b) decide whether it is satisfied that the plan is consistent with the economical, efficient and effective discharge by the Commission of their functions in relation to devolved Welsh elections and devolved Welsh referendums, and
(c) if it is not so satisfied, make such modifications to the plan as it considers appropriate for the purpose of achieving such consistency.
(4) Before deciding whether it is so satisfied or making any such modifications, the Llywydd’s Committee must—
(a) have regard to the most recent report made to it by the Comptroller and Auditor General under paragraph 16C(2) and to any recommendations contained in the report;
(b) consult the Welsh Ministers and have regard to any advice the Welsh Ministers may give.
(5) The Llywydd’s Committee must, after concluding its examination and making its modifications (if any) to the plan, lay the plan before Senedd Cymru.
(6) If the Llywydd’s Committee, in the discharge of its functions under this paragraph—
(a) does not follow any recommendation contained in the report of the Comptroller and Auditor General,
(b) does not follow any advice given to it by the Welsh Ministers, or
(c) makes any modification to the plan,
it must include in the next report which it makes to Senedd Cymru under paragraph 20B a statement of its reasons for so doing.
Examination of Commission: devolved Welsh elections and referendums
16C (1) Sub-paragraph (2) applies where the Commission submit to the Llywydd’s Committee both an estimate under paragraph 16A(3) and a plan under paragraph 16B(2).
(2) For the purpose of assisting the Llywydd’s Committee to discharge its functions under paragraphs 16A and 16B, the Comptroller and Auditor General must, before the Llywydd’s Committee considers the estimate and plan—
(a) carry out an examination into the economy, efficiency or effectiveness (or, if the Comptroller and Auditor General so determines, any combination of them) with which the Commission have used their resources in discharging their functions in relation to devolved Welsh elections and devolved Welsh referendums (or, if the Comptroller and Auditor General so determines, any of those functions),
(b) report to the Llywydd’s Committee the results of the examination, and
(c) include in the report such recommendations as the Comptroller and Auditor General considers appropriate in the light of the examination.
(3) Sub-paragraph (4) applies where the Commission—
(a) submit an estimate to the Llywydd’s Committee under paragraph 16A(3) but are not required to submit a plan under paragraph 16B(2), or
(b) submit a revised estimate to the Llywydd’s Committee under paragraph 16A(4).
(4) For the purpose of assisting the Llywydd’s Committee to discharge its functions under paragraph 16A, the Comptroller and Auditor General may, before the Llywydd’s Committee considers the estimate⁠—
(a) carry out a further examination into the matters mentioned in sub-paragraph (2)(a),
(b) report to the Llywydd’s Committee the results of the examination, and
(c) include in the report such recommendations as the Comptroller and Auditor General considers appropriate in the light of the examination.
(5) Section 8 of the National Audit Act 1983 (right to obtain documents and information) applies in relation to any examination under this paragraph as it applies in relation to an examination under section 6 of that Act.
(6) See also section 19 of the Public Audit (Wales) Act 2013 (which enables the Wales Audit Office to make arrangements for any function of a public authority or office holder to be exercised by the Auditor General for Wales). ”
“, the Llywydd’s Committee”
“Reports by Commission: devolved Welsh elections and referendums
20A (1) The Commission must, as soon as practicable after the end of each financial year—
(a) prepare a report about the performance of the Commission’s functions in relation to devolved Welsh elections and devolved Welsh referendums during that financial year, and
(b) lay the report before Senedd Cymru.
(2) On laying the report, the Commission must publish it in such manner as the Commission may determine.
Reports by the Llywydd’s Committee
20B (1) The Llywydd’s Committee must, at least once in each year—
(a) prepare a report on the exercise by the Llywydd’s Committee of its functions under this Schedule, and
(b) lay the report before Senedd Cymru.
(2) For the purposes of the law of defamation, the publication of any matter by the Llywydd’s Committee in such a report is absolutely privileged. ”",NA,124
156,17D(2),A Member of the Senedd returned as a member of the council is not disqualified under section 16(1)(zc) before making a declaration of acceptance of office.,No,Member of the Senedd,Individual,Exception from disqualification,None,Yes,Disqualification exception before declaration of acceptance of office.,No,None,Disqualification Exception,Electoral Law,Member of the Senedd,Individual,anaw/2020/1,Section 33,article,"Section 33: Exceptions from disqualification by virtue of being a member of a county or county borough council
After section 17C of the 2006 Act (as inserted by section 32) insert—“ 17D Exception from disqualification by virtue of being a councillor: recently elected members
(1) A person returned at an election as a Member of the Senedd is not disqualified under section 16(1)(zc) (disqualification by virtue of being a member of the council of a county or county borough in Wales) at any time before the person purports to take the oath of allegiance (or make the corresponding affirmation) in compliance with section 23(1) or 55(2).
(2) A Member of the Senedd who is returned at an election as a member of the council of a county or county borough in Wales is not disqualified under section 16(1)(zc) at any time before the person makes a declaration of acceptance of office under section 83 of the  Local Government Act 1972 (c. 70) .
17E Exception from disqualification by virtue of being a councillor: ordinary election of councillors within 372 days
(1) This section applies if—
(a) a member of the council of a county or county borough in Wales is returned as a Member of the Senedd, and
(b) the expected day of the next ordinary election of members of the council is within the period of 372 days beginning with the day the person is so returned (“the return day”).
(2) The member is not disqualified under section 16(1)(zc) (disqualification by virtue of being a member of the council of a county or county borough in Wales) at any time in the period—
(a) beginning with the return day, and
(b) ending with the fourth day after the day of the next ordinary election of members of the council.
(3) For the purposes of subsection (1)(b) the expected day of the next ordinary election of members of the council is to be determined by reference to the circumstances as at the beginning of the return day (“the relevant time”).
(4) For the purpose of determining the expected day, no account is to be taken of the possibility of—
(a) an order under section 37ZA(1) of the  Representation of the People Act 1983 (c. 2)  (power to vary ordinary day of local elections), or
(b) an order under section 87 of the  Local Government Act 2000 (c. 22)  (power to change year in which local election is held),
being made after the relevant time.
(5) References in this section and section 17F to the “day” of an election are to the day on which the poll at the election is held.
17F Exception from disqualification by virtue of being a councillor: general election of Members of the Senedd within 372 days
(1) This section applies if—
(a) a Member of the Senedd is returned as a member of the council of a county or county borough in Wales, and
(b) the expected day of the next general election of Members of the Senedd is within the period of 372 days beginning with the day the person is so returned (“the return day”).
(2) The member is not disqualified under section 16(1)(zc) (disqualification by virtue of being a member of the council of a county or county borough in Wales) at any time in the period—
(a) beginning with the return day, and
(b) ending immediately before the day of the next general election of Members of the Senedd.
(3) For the purposes of subsection (1)(b) the expected day of the next general election of Members of the Senedd is to be determined by reference to the circumstances as at the beginning of the return day (“the relevant time”).
(4) Where, at the relevant time, section 3(1A) prevents the poll at the next ordinary general election being held on the day specified in section 3(1)—
(a) if an order under section 3(1B) has been made, the expected day is the day on which the poll is required to be held in accordance with section 3(1B);
(b) if no order under section 3(1B) has been made, the expected day is the day on which the poll would be held in accordance with section 3(1) if section 3(1A) were disregarded.
(5) Where, at the relevant time, the Presiding Officer has proposed a day for the holding of the poll at the next ordinary general election under section 4(1)—
(a) if a proclamation under section 4(2) has been issued, the expected day is the day on which the poll is required to be held in accordance with that proclamation;
(b) if no proclamation under section 4(2) has been issued, the expected day is the day proposed under section 4(1).
(6) Where, at the relevant time, section 5(2) or (3) (extraordinary general elections) applies—
(a) if a proclamation under section 5(4) has been issued, the expected day is the day on which the poll is required to be held in accordance with that proclamation;
(b) if no proclamation under section 5(4) has been issued but a day has been proposed under section 5(1), that is the expected day;
(c) otherwise, the expected day is to be treated as being within the period mentioned in subsection (1)(b).
(7) For the purpose of determining the expected day, no account is to be taken of the possibility of—
(a) a day being proposed under section 4(1) (power to vary date of ordinary general election) after the relevant time, or
(b) section 5(2) or (3) (extraordinary general elections) first applying after that time. ”",NA,155
201,40(3),"Subsection (2) applies to a statutory instrument containing regulations under section 15(1) or section 39 that amend, repeal or modify provision in an Act of the UK Parliament, a Measure under Part 3 of the 2006 Act, or an Act under Part 4 of the 2006 Act.",No,None,None,Apply subsection,None,No,None,No,None,Regulatory Instrument,Legislative,Statutory instrument,Systemic Condition,anaw/2020/1,Section 40,article,"Section 40: Regulations under this Act
(1) A power to make regulations under this Act—
(1)(a) is exercisable by statutory instrument;
(1)(b) includes the power to make different provision for different purposes;
(1)(c) includes the power to make incidental, supplementary, consequential, transitional, transitory or saving provision.
(2) A statutory instrument to which this subsection applies may not be made unless a draft of the instrument has been laid before, and approved by a resolution of, the Senedd.
(3) Subsection (2) applies to a statutory instrument containing—
(3)(a) regulations under section 15(1) (invitations to register: further provision about persons under the age of 16) or section 39 (power to make consequential and transitional provision etc.) that amend, repeal or modify provision in—
(3)(a)(i) an Act of the United Kingdom Parliament,
(3)(a)(ii) a Measure passed under Part 3 of the 2006 Act, or
(3)(a)(iii) an Act passed under Part 4 of the 2006 Act;
(3)(b) regulations under section 26(1).
(4) A statutory instrument containing regulations under this Act to which subsection (2) does not apply is subject to annulment in pursuance of a resolution of the Senedd.",NA,200
59,19(7A),A relevant declaration made by a person has effect only for registration as a local government elector in Wales.,No,Person,Individual,Register,None,Yes,Declaration only for local government elector registration in Wales,No,None,Registration Requirement,Electoral Law,Relevant declaration,Process,anaw/2020/1,Section 19,article,"Section 19: Declarations of local connection
(1) Section 7B of the 1983 Act (notional residence: declarations of local connection) is amended as follows.
(2) After subsection (2) insert—
(3) In subsection (3)(e), after “Union” insert .
(4) In subsection (4), after paragraph (b) insert—
(5) After subsection (7) insert—“ (2A) In relation to the registration of local government electors in Wales, this section also applies to a person who, on the date on which the person makes a declaration under subsection (1)—
(a) is under 18 years of age,
(b) does not fall within any of the paragraphs (a) to (c) of subsection (2), and
(c) meets any of the requirements specified in subsection (2B).
(2B) The requirements are that—
(a) the person is, or has been, a child who is looked after by a local authority, or
(b) the person is being kept in any secure accommodation specified in regulations made by the Welsh Ministers in circumstances specified in the regulations.
(2C) The power to make regulations under subsection (2B)(b) is exercisable by statutory instrument and is subject to annulment in pursuance of a resolution of the Senedd.
(2D) In subsection (2B)—
(a) the reference to a child who is looked after by a local authority has the same meaning as in the  Social Services and Well-being (Wales) Act 2014 (anaw 1)  (see section 74);
(b) “secure accommodation” means accommodation for the purpose of restricting the liberty of persons under the age of 18. ”
“or (if the declaration is made for the purposes only of the registration of local government electors in Wales) a qualifying foreign citizen”
“ (c) in the case of a person falling within subsection (2A), any of the following—
(i) an address in Wales at which the person has previously been resident, or
(ii) an address used by a council of a county or county borough in Wales in which the person has previously been resident. ”
“ (7A) Despite anything in subsection (7), in relation to Wales, a relevant declaration made by a person has effect only for the person’s registration as a local government elector.
(7B) In subsection (7A) a “relevant declaration” means—
(a) a declaration of local connection made by virtue of subsection (2A);
(b) a declaration of local connection made by a qualifying foreign citizen;
(c) any other declaration of local connection made by a person who, on the date on which the declaration is made, is—
(i) under the age of 17, and
(ii) not entitled to be registered in the register of parliamentary electors.
(7C) A relevant declaration referred to in subsection (7A) must be marked to show that it is available only for the purposes of registration as a local government elector, but otherwise is to be the same as other declarations of local connection. ”",NA,58
347,8(1),The SPC may establish subgroups.,No,SPC,Organization,Establish subgroups,Major Operational Delegation,No,None,Yes,Action is discretionary,Authorization Granting,None,Subgroups,Organization,asc/2023/1,Section 8,article,"Section 8: Subgroups
(1) The SPC may establish subgroups.
(2) A subgroup may—
(2)(a) carry out any function delegated to it by the SPC;
(2)(b) help the SPC carry out its functions in any ways specified by the SPC.
(3) A subgroup—
(3)(a) must be chaired by a member of the SPC, and
(3)(b) may include other members of the SPC and other individuals.",NA,346
823,20(1)(b),The authorised undertaker may remove soil samples.,No,Authorised Undertaker,Organization,Remove soil samples,Major Operational Delegation,No,None,Yes,"Action is discretionary (""may"").",Investigation Mandate,Land Use,Soil samples,Output,asp/2006/6,Section 20,article,"Section 20: Power to survey and investigate land
(1) The authorised undertaker may for the purposes of this Act—
(1)(a) survey or investigate any land within the limits of deviation or within the limits of land to be acquired or used;
(1)(b) without prejudice to the generality of paragraph (a), make trial holes in such positions as the authorised undertaker thinks fit on the land to investigate the nature of the surface layer and subsoil and remove soil samples;
(1)(c) without prejudice to the generality of paragraph (a), carry out archaeological investigations on the land;
(1)(d) take steps to protect or remove any flora or fauna on the land where the flora or fauna may be affected by the carrying out of the works;
(1)(e) place on, leave on and remove from the land apparatus for use in connection with exercise of any of the powers conferred by paragraphs (a) to (c); and
(1)(f) enter on the land for the purpose of exercising the powers conferred by paragraphs (a) to (e).
(2) No land may be entered, or equipment placed or left on or removed from the land under subsection (1), unless—
(2)(a) on the first occasion at least 7 days' notice, and
(2)(b) on subsequent occasions at least 3 days' notice,
(2)(c) has been served on every owner and occupier of the land.
(3) Any person entering land under this section on behalf of the authorised undertaker—
(3)(a) shall, if so required, before or after entering the land produce written evidence of the authority to do so, and
(3)(b) may bring such vehicles and equipment as are necessary to carry out the survey or investigation or to make trial holes.
(4) No trial holes shall be made under this section in a carriageway or footway without the consent of the road works authority, but such consent shall not be unreasonably withheld.
(5) The authorised undertaker shall make compensation for any damage occasioned by the exercise of the powers conferred by this section to the owners and occupiers of the land, in case of dispute such compensation to be determined under the 1963 Act.",NA,822
177,35(2),Omit paragraph 18 and the italic heading before it in Schedule 10 to the 2006 Act.,No,Legislator,Organization,Amend legislation,None,No,None,No,None,Legislative Amendment,Legal Framework,Schedule 10 to the 2006 Act,Systemic Condition,anaw/2020/1,Section 35,article,"Section 35: Consequential amendments
(1) In section 427(6B) of the Insolvency Act 1986, for “section 16(2) of the Government of Wales Act 2006 by virtue of this section” substitute .
(2) In Schedule 10 to the 2006 Act, omit paragraph 18 and the italic heading before it.
(3) In section 1(8) of the  National Assembly for Wales Commissioner for Standards Measure 2009 (nawm 4) , omit paragraph (a).
(4) In Schedule 1 to the  Public Services Ombudsman (Wales) Act 2019 (anaw 3) —
(4)(a) in paragraph 6(1)(d), for “paragraph 7 of this Schedule or section 16(1)(d) of the  Government of Wales Act 2006 (c. 32) ” substitute
(4)(b) ;
(4)(b) in paragraph 7, omit sub-paragraph (2).“section 16(A1)(a) of the Government of Wales Act 2006 and paragraph 4 of Schedule 1A to that Act”",NA,176
436,26(1)(a),Contracting authorities must have regard to the public services outsourcing and workforce code published by the Welsh Ministers.,No,Contracting authorities,Organization,Consider code in procurement,Minor Procedural Delegation,No,None,Yes,"""Have regard"" implies discretion in application.",Compliance Obligation,Public Procurement,Public services outsourcing,Process,asc/2023/1,Section 26,article,"Section 26: Socially responsible procurement duty: outsourcing services contracts
(1) The particular actions mentioned in section 24(5)(c) are—
(1)(a) having regard to the public services outsourcing and workforce code published by the Welsh Ministers under section 32;
(1)(b) in designing and carrying out procedures preceding the award of the outsourcing services contract, considering whether the contract should include social public workforce clauses;
(1)(c) in negotiating and awarding the contract, taking all reasonable steps—
(1)(c)(i) to include any social public workforce clauses it considers should be included;
(1)(c)(ii) to ensure that clauses included in the contract can be implemented;
(1)(d) in managing the contract, taking all reasonable steps to ensure that any social public workforce clauses included in the contract are implemented;
(1)(e) (see sections 32 to 37 for further provision about the public services outsourcing and workforce code, the meaning of “social public workforce clauses” and their application to outsourcing services contracts).
(2) In this Part, “ an outsourcing services contract ” means a contract under which—
(2)(a) a requirement to provide a public service provided by, or previously provided by, a contracting authority is transferred to another person, or
(2)(b) another person agrees to undertake any other function undertaken by, or previously undertaken by, a contracting authority;
(2)(c) and “ outsourced ” is to be construed accordingly.",NA,435
502,36(1),Welsh Ministers must publish a summary of the notification.,No,Welsh Ministers,Government,Publish summary,Minor Procedural Delegation,No,None,No,None,Reporting Obligation,Public Procurement,Notification,Output,asc/2023/1,Section 36,article,"Section 36: Social public workforce clauses: Welsh Ministers’ response
(1) Where the Welsh Ministers receive a notification under section 35(1), they must—
(1)(a) publish a summary of the notification, and
(1)(b) consider whether they are satisfied with the reasons given in the notification.
(2) In considering whether they are satisfied with the reasons, the Welsh Ministers may—
(2)(a) consult the contracting authority;
(2)(b) by notice require the authority to provide any documents or other information as the Welsh Ministers may require for the purposes of subsection (1) in such form or manner as may be specified in the notice;
(2)(c) provide the SPC procurement subgroup with a copy of the notification under section 35(1) and any documents or other information received under paragraph (b);
(2)(d) consult the SPC procurement subgroup.
(3) If, following consideration under subsection (1), the Welsh Ministers are satisfied, they must publish a summary of their reasons for being satisfied.
(4) If, following consideration under subsection (1), the Welsh Ministers are not satisfied, they may direct the contracting authority to take all reasonable steps to—
(4)(a) include social public workforce clauses in the outsourcing services contract,
(4)(b) put processes in place for ensuring that obligations in social public workforce clauses are implemented, or
(4)(c) put processes in place for ensuring that obligations in social public workforce clauses are implemented where the contract is subcontracted.
(5) Where the Welsh Ministers give a direction under subsection (4), they must—
(5)(a) inform the SPC procurement subgroup that they have given the direction, and
(5)(b) publish the direction.
(6) Where the Welsh Ministers do not give a direction under subsection (4) despite not being satisfied, they must—
(6)(a) inform the SPC public procurement subgroup that they have not given a direction, and
(6)(b) publish a summary of—
(6)(b)(i) their reasons for not being satisfied, and
(6)(b)(ii) their reasons for not giving a direction despite not being satisfied.
(7) The Welsh Ministers must take any action taken under subsections (2)(a) or (b) as soon as reasonably practicable.
(8) A contracting authority must provide any documents or other information it is required to provide under subsection (2)(b) as soon as reasonably practicable.
(9) Nothing in this section requires the Welsh Ministers to publish information which, following consultation with the appropriate contracting authority, the Welsh Ministers consider would be exempt from disclosure were it to be subject to a request for information under the  Freedom of Information Act 2000 (c. 36) .",NA,501
1649,7(2),Pre-commencement power includes power to direct function exercisable by Welsh Ministers concurrently with a Minister of the Crown.,No,None,None,Direct concurrent function exercise,Joint Delegation,No,None,No,None,Function Direction,Governance,Ministerial functions,Process,uksi/2010/760,All,full,"Section Regulation 1
—(1) This Order may be cited as the Welsh Zone (Boundaries and Transfer of Functions) Order 2010.
(2) This article, articles 2 and 3 and the Schedule come into force on the day after the day on which this Order is made.
(3) Articles  4  to  8  come into force on 31st March 2010, but this is subject to paragraph  (4) .
(4) If this Order is made on or after 31st March 2010, articles  4  to  8  come into force on the day after the day on which this Order is made.

Section Regulation 2: Interpretation
In this Order— “co-ordinate” means a co-ordinate of latitude and longitude on the World Geodetic System 1984; “Northern Ireland zone” has the same meaning as in the Northern Ireland Act 1998( 3 ); “the transfer date” means the date on which articles  4  to  8  come into force.

Section Regulation 3: The boundaries of the Welsh zone
—(1) For the purposes of the definition of “the Welsh zone” in section 158(1) of the Government of Wales Act 2006( 4 ), the part of the sea within British fishery limits which is to be treated as adjacent to Wales is, subject to paragraph (2), the part which is within limits measured from baselines in Wales( 5 ).
(2) Any part of the sea within British fishery limits which is within limits measured from baselines in Wales but which is separated from Wales by—
(2)(a) the northern boundary described in paragraph (3), or
(2)(b) the southern boundary described in paragraph (4),
(2)(c) is not to be treated as adjacent to Wales for the purposes mentioned in paragraph (1).
(3) The northern boundary—
(3)(a) follows a geodesic line joining the co-ordinates numbered 1 to 11 in Part 1 of the Schedule,
(3)(b) then follows the seaward limit of the territorial sea adjacent to the Isle of Man( 6 ) to the point where it meets the boundary of the Northern Ireland zone,
(3)(c) then follows the boundary of the Northern Ireland zone to the co-ordinate numbered 12 in Part 1 of the Schedule.
(4) The southern boundary follows a geodesic line joining the co-ordinates numbered 1 to 22 in Part 2 of the Schedule.

Section Regulation 4: Transfer of functions
—(1) Subject to articles  5  and  6 , the following functions of a Minister of the Crown are, so far as exercisable in relation to the Welsh zone( 7 ), transferred to the Welsh Ministers— (a) functions conferred or imposed by or under section 15 or 16 of the Sea Fisheries (Shellfish) Act 1967( 8 ); (b) functions conferred or imposed by or under the Sea Fish (Conservation) Act 1967( 9 ), except the functions of the “Board of Trade” under section 8( 10 ); (c) functions conferred or imposed by or under the Sea Fisheries Act 1968( 11 ); (d) functions conferred or imposed by or under the Fishery Limits Act 1976( 12 ); (e) functions conferred or imposed by or under Parts 2 to 4 of the Fisheries Act 1981( 13 ); (f) functions conferred or imposed by or under the Sea Fisheries (Wildlife Conservation) Act 1992( 14 ); (g) functions under the Sea Fish (Marketing Standards) Regulations 1986( 15 ).
(2) In consequence of the transfer effected by paragraph  (1)(b) , the Sea Fish (Conservation) Act 1967 is amended as follows.
(3) In section 1 (size limits  etc  for fish) in subsection (9) (as substituted by section 194(5) of the Marine and Coastal Access Act 2009( 16 )) in paragraph (a) of the definition of “the appropriate national authority” after “Wales” insert .
(4) In section 5 (power to restrict fishing for sea fish) in subsection (9) (as substituted by section 198(3) of the Marine and Coastal Access Act 2009) in paragraph (a) of the definition of “the appropriate national authority” after “Wales” insert .
(5) Paragraphs  (2)  to  (4)  are without prejudice to the effect of paragraph  (1)  in relation to other provisions of the Acts and instruments mentioned in that paragraph.“or the Welsh zone”
“or the Welsh zone”

Section Regulation 5: Functions which are to be concurrently exercisable
—(1) The following functions of a Minister of the Crown, so far as exercisable in relation to the Welsh zone( 17 ), are exercisable by the Welsh Ministers concurrently with any Minister of the Crown by whom they are exercisable— (a) functions conferred or imposed by or under section 4 or 4A of the Sea Fish (Conservation) Act 1967( 18 ); (b) functions conferred or imposed by or under section 15(3) of that Act( 19 ); (c) functions conferred or imposed by or under section 5 of the Sea Fisheries Act 1968( 20 ), so far as relating to the identification and marking of fishing boats; (d) functions conferred or imposed by or under the British Fishing Boats Act 1983( 21 ).
(2) Subject to paragraph  (3) , functions conferred or imposed by or under any of the enactments mentioned in article  4  which—
(2)(a) are exercisable by a Minister of the Crown in relation to a cross-border body, but
(2)(b) by their nature are not functions that can be specifically exercised in relation to the Welsh zone,
(2)(c) are exercisable by the Welsh Ministers in relation to that body concurrently with the Minister of the Crown.
(3) Paragraph (2) does not apply in the case of functions which are exercisable by the Welsh Ministers “jointly” with a Minister of the Crown. Certain provisions that are subject to the consent or approval of the Treasury

Section Regulation 6
—(1) Any provision of section 4 or 4A of the Sea Fish (Conservation) Act 1967 requiring the consent of the Treasury to the exercise of a function does not apply in relation to the exercise of the function by the Welsh Ministers.
(2) Any provision of Part 2 of the Fisheries Act 1981 requiring the approval of the Treasury for the exercise of a function continues to apply in relation to the exercise of the function by the Welsh Ministers.

Section Regulation 7: Powers to confer or impose functions
—(1) Any pre-commencement power to confer or impose a relevant function on a Minister of the Crown includes power— (a) to confer or impose the function on the Welsh Ministers, the First Minister or the Counsel General, or (b) to direct that the function is to be exercisable by the Welsh Ministers, the First Minister or the Counsel General concurrently with a Minister of the Crown.
(2) For the purposes of paragraph (1)— “pre-commencement power” means a power which was exercisable immediately before the transfer date; “relevant function” means a function which, had it been a function of a Minister of the Crown immediately before the transfer date—
(2)(a) would have been transferred to the Welsh Ministers by article 4, or
(2)(b) would, by virtue of article  5 , have become concurrently exercisable by the Welsh Ministers and the Minister of the Crown.
(2)(c) Transfer of property: exception for records

Section Regulation 8: Judith Simpson
Paragraph 1(1) of Schedule 4 to the Government of Wales Act 2006 (transfer of property, rights and liabilities connected with transferred functions) does not apply to any documentary or electronic records to which, on the transfer date, a Minister of the Crown is entitled in connection with any function exercisable by the Minister of the Crown and transferred by this Order. Clerk of the Privy Council Article 3(3) and (4)",NA,1648
921,36(6)(b),Authorised undertaker may make agreements regarding rights of way with vested persons.,No,Authorised undertaker,Organization,Make agreements,Minor Procedural Delegation,Yes,Agreements can alter the application of extinguishment or suspension.,Yes,Action left to discretion of the authorised undertaker and vested persons.,Agreement Formation,Land Use,Specific rights of way,Systemic Condition,asp/2006/6,Section 36,article,"Section 36: Extinction or suspension of private rights of way
(1) Subject to the provisions of this section, all private rights of way over land subject to compulsory acquisition under this Act shall be extinguished—
(1)(a) as from the acquisition of the land by the authorised undertaker, whether compulsorily or by agreement, or
(1)(b) on the entry on the land by the authorised undertaker under section 37 (Power of entry on lands compulsorily acquired),
(1)(c) whichever is sooner.
(2) Subject to the provisions of this section, all private rights of way over land owned by the authorised undertaker which is within the limits of land to be acquired or used shown on the Parliamentary plans and is required for the purposes of this Act, shall be extinguished on the appropriation of the land for any of those purposes by the authorised undertaker.
(3) Subject to the provisions of this section, all private rights of way over land of which the authorised undertaker takes temporary possession under this Act shall be suspended and unenforceable for as long as the authorised undertaker remains in lawful possession of the land.
(4) Any person who suffers loss by the extinguishment or suspension of any private right of way under this section shall be entitled to compensation to be determined, in case of dispute, under the 1963 Act.
(5) This section does not apply in relation to any right of way to which section 224 or 225 (Extinguishment of rights of statutory undertakers, etc.) of the 1997 Act or paragraph 2 of schedule 9 applies.
(6) Subsections (1), (2) and (3) shall have effect subject to—
(6)(a) any notice given by the authorised undertaker before the completion of the acquisition of the land, the authorised undertaker’s appropriation of it, the authorised undertaker’s entry onto it, or the authorised undertaker’s taking temporary possession of it, as the case may be, that any or all of those subsections shall not apply to any right of way specified in the notice; and
(6)(b) any agreement made (whether before or after any of the events mentioned in paragraph (a) and before or after the coming into force of this Act) between the authorised undertaker and the person in or to whom the right of way in question is vested or belongs.",NA,920
225,2(1),Subsections (2) to (4) of section 3 of the 2006 Act do not apply to the 2021 election.,No,None,None,Exclude certain subsections of the 2006 Act from applying.,None,Yes,Excludes subsections (2) to (4) of section 3 of the 2006 Act.,No,None,Exclusion,Legislative,2006 Act,Systemic Condition,asc/2021/2,All,full,"Section 1: The 2021 election
In this Act, “the 2021 election” means the ordinary general election for membership of Senedd Cymru the poll for which is due to be held in 2021.

Section 2: Application of provisions of Government of Wales Act 2006
(1) Subsections (2) to (4) of section 3 of the 2006 Act (dissolution of Senedd Cymru before an ordinary general election and date of first meeting after the election) do not apply to the 2021 election.
(2) Section 3(1) of the 2006 Act (day on which the poll at an ordinary general election is held) has effect subject to the provisions of section 6.
(3) Section 4(2)(c) of the 2006 Act (period within which Senedd Cymru must meet where the day of poll is varied by proclamation) does not apply to the 2021 election.
(4) Section 10 of the 2006 Act (constituency vacancies) has effect subject to the provisions of section 10.

Section 3: Dissolution of the current Senedd
(1) For the purpose of the holding of the poll for the 2021 election, Senedd Cymru is dissolved on 29 April 2021, unless—
(1)(a) the Llywydd exercises the power conferred by section 6 (power to postpone 2021 election for up to 6 months), or
(1)(b) Her Majesty dissolves Senedd Cymru before that day by proclamation under section 4(2) of the 2006 Act (power to vary date of Senedd ordinary general election).
(2) If the Llywydd exercises the power conferred by section 6, Senedd Cymru is dissolved at the beginning of the period of 7 days that ends immediately before the day fixed for the holding of the poll, unless subsection (3) applies.
(3) This subsection applies where, before the day on which Senedd Cymru is due to be dissolved in accordance with subsection (2), the Llywydd exercises the power conferred by section 6 again (and, accordingly, subsection (2) applies to that exercise of the power in turn).

Section 4: Guidance on exercise of functions in the pre-election period
(1) The First Minister must publish guidance about the exercise of the functions of the First Minister, the Welsh Ministers and the Counsel General during the pre-election period for the 2021 election.
(2) The First Minister, the Welsh Ministers and the Counsel General must have regard to the guidance.
(3) The First Minister must determine the pre-election period for the 2021 election for the purpose of this section.
(4) The period determined must include the period of 30 days ending with the day fixed for the holding of the poll for the 2021 election.
(5) The guidance must be published before the end of the period of 14 days beginning with the day on which this Act receives Royal Assent.

Section 5: Date of first meeting after the 2021 election
Senedd Cymru must meet within the period of 21 days beginning immediately after the day on which the poll for the 2021 election is held.

Section 6: Power to postpone 2021 election for up to 6 months
(1) The First Minister for Wales (“the First Minister”) may propose to the Llywydd that the poll for the 2021 election is postponed if, for a reason relating to coronavirus, the First Minister considers it necessary or appropriate to do so.
(2) But before making a proposal under subsection (1), the First Minister must consult the member of staff of the Welsh Government designated by the Welsh Ministers as the Chief Medical Officer for Wales.
(3) Following a proposal from the First Minister, the Llywydd may fix a day for the holding of the poll for the 2021 election if—
(3)(a) Senedd Cymru approves the day to be fixed by a resolution passed on a vote in which the number of Senedd Members voting in favour of it is not less than two-thirds of the total number of Senedd seats, and
(3)(b) Senedd Cymru has not been dissolved.
(4) When fixing a day for the holding of the poll the Llywydd—
(4)(a) must fix a day that is the earliest day the Llywydd considers to be reasonably practicable;
(4)(b) must not fix a day that is after 5 November 2021.
(5) As soon as reasonably practicable after fixing a day for the holding of the poll, the Llywydd must lay before Senedd Cymru a statement of—
(5)(a) the day fixed for the holding of the poll, and
(5)(b) the reason for the exercise of the power to fix a day.
(6) The Electoral Commission must provide advice in relation to postponement of the poll if requested to do so by the Llywydd or the First Minister.
(7) The powers in subsections (1) and (3) may be exercised more than once.
(8) The First Minister must lay a statement before Senedd Cymru on or before 24 March 2021 setting out whether or not the First Minister intends to exercise the power in subsection (1).
(9) If the First Minister does not intend to exercise the power, the statement must set out—
(9)(a) the reasons for not exercising the power, and
(9)(b) whether, in the First Minister’s view, a full and fair election campaign can be conducted by all persons seeking election in the 2021 election which does not disadvantage any person eligible to vote in that election.
(10) Any intention expressed in the statement under subsection (8) does not affect the exercise of the power in subsection (1).
(11) Nothing in this section limits the power in section 4 of the 2006 Act to vary the date of an ordinary general election for membership of Senedd Cymru.
(12) The Welsh Ministers must publish the criteria to be used by the First Minister for determining whether it is necessary or appropriate to postpone the poll for the 2021 election for a reason relating to coronavirus under subsection (1).
(13) The criteria must be published before the end of the period of 14 days beginning with the day on which this Act receives Royal Assent.

Section 7: Power to provide for additional polling days
(1) This section applies if the day for the holding of the poll of the 2021 election is fixed under section 6.
(2) The Welsh Ministers may, by regulations made by statutory instrument, provide that polling that would otherwise be required to take place only on the date fixed under section 6 may take place on one or more additional days specified in the regulations.
(3) Regulations under subsection (2) may—
(3)(a) specify a day only if it falls within the period of 7 days immediately preceding the day fixed for the holding of the poll;
(3)(b) require polling on additional days to take place at particular locations or descriptions or categories of locations specified in the regulations;
(3)(c) modify the meaning of a relevant reference so far as it relates to provision made in the regulations.
(4) In subsection (3), a “relevant reference” means a reference (however expressed) in any enactment or document to the day or date of the poll at the 2021 election.
(5) The Electoral Commission must provide advice in relation to the exercise of the power in subsection (2) if requested to do so by the Welsh Ministers.
(6) When laying draft regulations under subsection (7) before Senedd Cymru, the Welsh Ministers must at the same time lay before Senedd Cymru a statement of the reasons for the regulations.
(7) A statutory instrument containing regulations under subsection (2) must be laid before Senedd Cymru and ceases to have effect on the expiry of 28 days beginning with the day it is made unless, before the expiry of that period, it is approved by resolution of Senedd Cymru.
(8) But if—
(8)(a) Senedd Cymru votes on a motion for a resolution to approve a statutory instrument laid under subsection (7) before the expiry of the period of 28 days mentioned in that subsection, and
(8)(b) the motion is not passed,
(8)(c) the instrument ceases to have effect at the end of the day on which the vote takes place.
(9) In calculating any period of 28 days for the purposes of subsection (7), no account is to be taken of any period during which Senedd Cymru is—
(9)(a) dissolved, or
(9)(b) in recess for more than 4 days.
(10) Subsections (7) and (8) do not—
(10)(a) affect anything done in reliance on the regulations before they ceased to have effect, or
(10)(b) prevent the making of new regulations.
(11) Regulations under subsection (2) have no effect where the poll at the 2021 election and the poll at the ordinary election of police and crime commissioners for police areas in Wales are to be taken together under article 16A of the 2007 Order.
(12) In subsection (11), “ordinary election of police and crime commissioners for police areas” has the meaning given in section 50 of the  Police Reform and Social Responsibility Act 2011 (c. 13) .

Section 8: Further power to vary date of 2021 election
(1) This section applies if the day for the holding of the poll of the 2021 election is fixed under section 6.
(2) The Llywydd may propose, for the holding of the poll, a day which is not more than one month earlier, nor more than one month later, than the day fixed under section 6.
(3) The power under subsection (2) may not be exercised so as to propose a date after 5 November 2021.
(4) If the Llywydd proposes a day under subsection (2), Her Majesty may by proclamation under the Welsh Seal—
(4)(a) dissolve Senedd Cymru;
(4)(b) require the poll at the election to be held on the day proposed.
(5) As soon as reasonably practicable after a proclamation is made under subsection (4), the Llywydd must publish a statement of—
(5)(a) the day on which the poll is to be held, and
(5)(b) the reason for the exercise of the Llywydd’s power under subsection (2).

Section 9: Guidance on election campaigning
(1) The Welsh Ministers must issue guidance to persons undertaking election campaigning activities for the purpose of an election specified in subsection (2) about how they may undertake those activities in accordance with enactments imposing restrictions relating to the control of coronavirus.
(2) The elections are—
(2)(a) the 2021 election;
(2)(b) an election to be held before 6 November 2021 under section 10 of the 2006 Act to fill a vacant constituency member seat;
(2)(c) an election to be held before 6 November 2021 to fill a casual vacancy in the office of councillor in a county council, county borough council or community council in Wales.
(3) The duty in subsection (1) only applies if, and so far as, restrictions imposed by an enactment affect election campaigning activities for the purpose of an election specified in subsection (2).

Section 10: Power to postpone Senedd by-elections
(1) This section applies after 6 May 2021 where an election is to be held under section 10 of the 2006 Act to fill a vacant constituency member seat (“a Senedd by-election”).
(2) The Llywydd may fix a date for the holding of the poll for a Senedd by-election that is outside the period required under section 10(5) or (6) of the 2006 Act.
(3) When fixing a day under subsection (2), the Llywydd must fix a day that is the earliest day the Llywydd considers to be reasonably practicable.
(4) The power under subsection (2)—
(4)(a) may be exercised more than once, and
(4)(b) may not be exercised so as to fix a date after 5 November 2021.
(5) Before exercising the power under subsection (2), the Llywydd must consult the Welsh Ministers.

Section 11: Power to postpone local authority by-elections
(1) The Welsh Ministers may, by regulations made by statutory instrument, provide—
(1)(a) that the poll for a local authority by-election is to be held on a date, or within a period, specified in the regulations;
(1)(b) that the poll for a local authority by-election that would otherwise be required to be held on a date that falls within a period specified in the regulations is instead to be held on a later date, or within another period, specified in the regulations.
(2) In this section, a “local authority by-election” is an election where—
(2)(a) the date of the poll for the election falls within the period beginning with 6 May 2021 and ending with 5 November 2021, and
(2)(b) it is an election to fill a casual vacancy in the office of councillor in a county council, county borough council or community council in Wales.
(3) Regulations under subsection (1) must not specify—
(3)(a) a date after 5 November 2021, or
(3)(b) a period ending after 5 November 2021.
(4) The power to make regulations under subsection (1) may be exercised more than once in respect of any local authority by-election.
(5) Regulations under subsection (1) may make provision by reference to local authority by-elections of a description specified in the regulations (for example, by reference to the nature, date or location of the elections).
(6) The power to make regulations under subsection (1) includes the power to amend, modify, repeal or revoke any enactment.
(7) Subsection (8) applies to a statutory instrument containing regulations under subsection (1) that amend, modify or repeal provision contained in primary legislation.
(8) A statutory instrument to which this subsection applies must be laid before Senedd Cymru and ceases to have effect on the expiry of 28 days beginning with the day it is made unless, before the expiry of that period, it is approved by resolution of Senedd Cymru.
(9) But if—
(9)(a) Senedd Cymru votes on a motion for a resolution to approve a statutory instrument laid under subsection (8) before the expiry of the period of 28 days mentioned in that subsection, and
(9)(b) the motion is not passed,
(9)(c) the instrument ceases to have effect at the end of the day on which the vote takes place.
(10) In calculating any period of 28 days for the purposes of subsection (8), no account is to be taken of any period during which Senedd Cymru is—
(10)(a) dissolved, or
(10)(b) in recess for more than 4 days.
(11) Subsections (8) and (9) do not—
(11)(a) affect anything done in reliance on the regulations before they ceased to have effect, or
(11)(b) prevent the making of new regulations.
(12) A statutory instrument containing regulations under subsection (1) to which subsection (8) does not apply is subject to annulment in pursuance of a resolution of Senedd Cymru.

Section 12: Orders and rules on the conduct of elections to be held in 2021
(1) Subsection (3) applies to a statutory instrument containing an order under section 13(1)(a) of the 2006 Act (power to make an order as to the conduct of Senedd elections) that contains provision that applies—
(1)(a) only to the 2021 election, or
(1)(b) only to an election under section 10 of the 2006 Act to fill a vacant constituency member seat the poll for which is to be held before 6 November 2021.
(2) Subsection (3) applies to a statutory instrument containing rules under section 36A of the  Representation of the People Act 1983 (c. 2)  (power to make rules in relation to the conduct of elections of councillors for local government areas in Wales) that apply only to an election to fill a casual vacancy in the office of councillor in a county council, county borough council or community council in Wales the poll for which is to be held before 6 November 2021.
(3) A statutory instrument to which this subsection applies must be laid before Senedd Cymru and ceases to have effect on the expiry of 28 days beginning with the day it is made unless, before the expiry of that period, it is approved by resolution of Senedd Cymru.
(4) But if—
(4)(a) Senedd Cymru votes on a motion for a resolution to approve a statutory instrument laid under subsection (3) before the expiry of the period of 28 days mentioned in that subsection, and
(4)(b) the motion is not passed,
(4)(c) the instrument ceases to have effect at the end of the day on which the vote takes place.
(5) In calculating any period of 28 days for the purposes of subsection (4), no account is to be taken of any period during which Senedd Cymru is—
(5)(a) dissolved, or
(5)(b) in recess for more than 4 days.
(6) Subsections (3) and (4) do not—
(6)(a) affect anything done in reliance on the order or rules before they ceased to have effect, or
(6)(b) prevent the making of a new order or new rules.

Section 13: Supplementary
(1) This Act does not affect the power of the Welsh Ministers to make an order under section 13 of the 2006 Act, but subsection (7) of that section (Senedd Cymru procedure) is subject to section 12.
(2) This Act does not affect the power of the Welsh Ministers to make rules under section 36 or section 36A of the  Representation of the People Act 1983 (c. 2) , but section 36A(10) (Senedd Cymru procedure) is subject to section 12.

Section 14: Modification of the 2007 Order
(1) The 2007 Order is modified in relation to the 2021 election as follows.
(2) Article 2(1) (interpretation) has effect as if it contained the definition of “coronavirus” given by section 16.
(3) In Article 84(2)(b) (timing of when a person becomes a candidate in relation to a Senedd general election) has effect as if—
(3)(a) for “any subsequent Assembly election” there were substituted “the ordinary general election for membership of Senedd Cymru the poll for which is, on the day on which this provision comes into force, due to be held on 6 May 2021”;
(3)(b) in paragraph (i), for sub-paragraph (aa) there were substituted—
(3)(c) “ (aa) which is 21 days before 6 May 2021, computed in accordance with rule 2 of the rules set out in Schedule 5; ” .
(3AB) The grounds are that—
(3AB)(a) the application is made as a result of the need to comply with an enactment relating to coronavirus or to follow guidance relating to coronavirus issued by the Welsh Ministers, and
(3AB)(b) the applicant became aware of the grounds after 5pm on the sixth day before the date of the poll at the election for which it is made. ”
(4) In Schedule 1, paragraph 7 (closing date for applications for absent voting at Senedd elections) has effect as if—
(4)(a) in sub-paragraph (2), after “sub-paragraph (3)” there were inserted “and sub-paragraph (3A)”;
(4)(b) after sub-paragraph (3) there were inserted—
(4)(c) “ (3A) Where an application—
(4)(a) to vote by proxy under article 9(1), or
(4)(b) for the appointment of a proxy under article 11(6) or (7)
(4)(f) is made on the grounds set out in sub-paragraph (3AB) the application shall be disregarded if it is received after 5pm on the day of the poll at the election for which it is made.
(5) In Schedule 5 (Senedd election rules)—
(5)(a) rule 1(1) (timetable for conduct of proceedings at a Senedd election), in the table, in the column headed “Time”, the entry corresponding to the entry “Delivery of nomination papers.” has effect as if—
(5)(a)(i) the reference to “10” were substituted by “9”;
(5)(a)(ii) the reference to “4” were substituted by “5”.
(5)(b) rule 4 (nomination of candidates at a Senedd constituency election) has effect as if after paragraph (1) there were inserted—
(5)(c) “ (1A) The constituency nomination paper may also be delivered on the candidate’s behalf by a person authorised by the candidate for the purpose if the candidate has given the person’s name and address to the returning officer in writing or electronically before or at the time the paper is delivered. ”
(5)(c) rule 6 (nomination of individual candidates at a Senedd regional election) has effect as if after paragraph (1) there were inserted—
(5)(e) “ (1A) The individual nomination paper may also be delivered on the candidate’s behalf by a person authorised by the candidate for the purpose if the candidate has given the person’s name and address to the returning officer in writing or electronically before or at the time the paper is delivered. ”
(5)(d) rule 9(1) (consent to nomination at a Senedd constituency election) has effect as if⁠—
(5)(d)(i) sub-paragraph (b) were omitted;
(5)(d)(ii) for sub-paragraph (c) there were substituted—
(5)(g) “ (c) is delivered at the place for the delivery of nomination papers or is delivered electronically to an electronic address for that purpose; and
(5)(d) is delivered within the time specified for the delivery of the nomination papers. ”
(5)(e) rule 9(2) (consent to nomination at a Senedd regional election) has effect as if—
(5)(e)(i) sub-paragraph (b) were omitted;
(5)(e)(ii) for sub-paragraph (c) there were substituted—
(5)(j) “ (c) is delivered at the place for the delivery of individual nomination papers or party nomination papers, or is delivered electronically to an electronic address for that purpose; and
(5)(d) is delivered within the time specified for the delivery of the nomination papers. ”

Section 15: Review: preparations for the holding of the poll
(1) The Welsh Ministers must carry out reviews of the preparations for the holding of the poll for the 2021 election.
(2) The first review must take place by 19 February 2021.
(3) Subsequent reviews must take place at least once in each subsequent period of 21 days up until the poll for the 2021 election is held.
(4) As soon as reasonably practicable after a review, the Welsh Ministers must lay before Senedd Cymru a statement summarising the result of the review and stating whether any postponement of the 2021 election is reasonably anticipated.

Section 16: General
In this Act— “the 2006 Act” (“ Deddf 2006 ”) means the  Government of Wales Act 2006 (c. 32) ; “the 2007 Order” (“ Gorchymyn 2007 ”) means the  National Assembly for Wales (Representation of the People) Order 2007 (S.I. 2007/236) ; “the 2021 election” (“ etholiad 2021 ”) has the meaning given by section 1; “coronavirus” (“ coronafirws ”) means severe acute respiratory syndrome coronavirus 2 (SARS-CoV-2); “the Llywydd” means the Presiding Officer of Senedd Cymru; “primary legislation” (“ deddfwriaeth sylfaenol ”) means— (a) a Measure passed under Part 3 of the  Government of Wales Act 2006 (c. 32) ; (b) an Act passed under Part 4 of that Act; (c) an Act of the Parliament of the United Kingdom.

Section 17: Power to make consequential and transitional provision etc.
(1) If the Welsh Ministers consider it necessary or appropriate for the purposes of, in consequence of, or for giving full effect to any provision of this Act or provision made under it, they may by regulations made by statutory instrument make—
(1)(a) supplementary, incidental or consequential provision;
(1)(b) transitional, transitory or saving provision.
(2) Regulations under subsection (1) may—
(2)(a) make retrospective provision in relation to a local authority by-election within the meaning given by section 11(2), including provision having effect in relation to times before the coming into force of this Act;
(2)(b) amend, modify, repeal or revoke any enactment (including provision contained in this Act);
(2)(c) make different provision for different purposes or areas.
(3) Subsection (4) applies to a statutory instrument containing regulations under subsection (1) that amend, modify or repeal provision contained in primary legislation.
(4) A statutory instrument to which this subsection applies must be laid before Senedd Cymru and ceases to have effect on the expiry of 28 days beginning with the day it is made unless, before the expiry of that period, it is approved by resolution of Senedd Cymru.
(5) But if—
(5)(a) Senedd Cymru votes on a motion for a resolution to approve a statutory instrument laid under subsection (4) before the expiry of the period of 28 days mentioned in that subsection, and
(5)(b) the motion is not passed,
(5)(c) the instrument ceases to have effect at the end of the day on which the vote takes place.
(6) In calculating any period of 28 days for the purposes of subsection (4), no account is to be taken of any period during which Senedd Cymru is—
(6)(a) dissolved, or
(6)(b) in recess for more than 4 days.
(7) Subsections (4) and (5) do not—
(7)(a) affect anything done in reliance on the regulations before they ceased to have effect, or
(7)(b) prevent the making of new regulations.
(8) A statutory instrument containing regulations under subsection (1) to which subsection (4) does not apply is subject to annulment in pursuance of a resolution of Senedd Cymru.

Section 18: Coming into force
This Act comes into force on the day after the day on which this Act receives Royal Assent.

Section 19: Short title
The short title of this Act is the Welsh Elections (Coronavirus) Act 2021.",NA,224
977,47(3),The destination may be specified by the authorised person in default of a statement.,No,Authorised person,Individual,Specify destination,Minor Procedural Delegation,Yes,Default to authorised person's specification,Yes,Destination may be specified by authorised person,Reporting Obligation,Transportation,Destination,Output,asp/2006/6,Section 47,article,"Section 47: Document to be issued in connection with penalty fare requirement
(1) An authorised person who requires a passenger to pay a penalty fare shall give the passenger either a receipt for the payment of the amount of the penalty fare (where such payment is made to the authorised person) or a written notice setting out the amount of the penalty fare, the address to which payment may be made and a statement that payment must be made within 21 days of the person’s receipt of that notice.
(2) A receipt or notice given under subsection (1) shall specify the passenger’s destination on the tram on which the passenger is travelling when required to pay the penalty fare, and shall operate as an authority for the passenger to complete the journey to that destination.
(3) For the purposes of subsection (2), the passenger’s destination shall (unless only one destination is possible in the circumstances) be taken to be the destination stated by the passenger or, in default of any such statement, such destination as may be specified by the authorised person.",NA,976
1192,74(2),Chapter II of Part V of the 1997 Act applies to land authorised to be compulsorily acquired under this Act.,No,Chapter II of Part V of the 1997 Act,Legal Provision,Apply provisions,Self-Execution,No,None,No,None,Compulsory Acquisition,Land Use,Land authorised to be compulsorily acquired,Process,asp/2006/6,Section 74,article,"Section 74: Blighted land
(1) This Act shall be deemed to be a special enactment for the purposes of paragraph 14 of Schedule 14 to the 1997 Act.
(2) Accordingly, Chapter II of Part V of that Act (which makes provision for the purchase of certain interests in land affected by planning proposals) shall apply to land authorised to be compulsorily acquired under this Act.",NA,1191
1323,8(2)(d),The regulations may specify the travel arrangements that may or must be made.,No,Welsh Ministers,NA,Specify travel arrangements.,Major Operational Delegation,No,None,Yes,May specify arrangements.,Regulation,Education,Travel arrangements,Process,mwa/2008/2,All,full,"Section 1: Main terms used in this Measure
(1) This section applies for the purposes of this Measure.
(2) “Travel arrangements” are travel arrangements of any description and include—
(2)(a) the provision of transport;
(2)(b) the provision of one or more persons to escort a child when travelling;
(2)(c) the payment of the whole or any part of a person’s reasonable travelling expenses;
(2)(d) the payment of allowances in respect of the use of particular modes of travel.
(3) “Learners” means persons who receive education or training.
(4) The following are “relevant places”—
(4)(a) maintained schools;
(4)(b) institutions in the further education sector;
(4)(c) independent schools named in statements maintained under section 324 of the Education Act  1996 (c. 56) ;
(4)(d) non-maintained special schools;
(4)(e) pupil referral units;
(4)(f) places other than pupil referral units where education is arranged under section 19(1) of the Education Act 1996;
(4)(g) places where education or training funded by the Welsh Ministers under section 34(1) of the Learning and Skills Act  2000 (c. 21)  is provided;
(4)(h) institutions where education and training and boarding accommodation have been secured by the Welsh Ministers under section 41 of the Learning and Skills Act 2000;
(4)(h)(i) by a local authority, or
(4)(h)(ii) by any other person who is in receipt of financial assistance given by a local authority under arrangements made by them in pursuance of the duty imposed by section 118 of the School Standards and Framework Act  1998 (c. 31) ;
(4)(j) places where work experience is undertaken.

Section 2: Learner travel arrangements
(1) This section applies in relation to—
(1)(a) learners who have not attained the age of 19;
(1)(b) learners who have attained the age of 19 who have begun a course of education or training before attaining that age and continue to attend that course;
(1)(c) such other learners as may be prescribed.
(2) In each academic year, a local authority must assess the learner travel needs of their area for the following academic year. But this duty is subject to the provisions of section 5.
(3) For the purposes of subsection (2), the “learner travel needs” of a local authority’s area are the needs of learners who are ordinarily resident in the authority’s area for suitable travel arrangements each day to and from the relevant places where they receive education or training.
(4) In making an assessment under subsection (2) a local authority must have regard in particular to—
(4)(a) the needs of learners who are disabled persons,
(4)(b) the needs of learners with learning difficulties,
(4)(c) the needs of learners who are children looked after, or formerly looked after, by a local authority,
(4)(d) the age of learners, and
(4)(e) the nature of the routes which learners could reasonably be expected to take to the relevant places where they receive education or training.

Section 3: Local authority duty to make transport arrangements
(1) This section applies in relation to a child of compulsory school age if—
(1)(a) the child is ordinarily resident in a local authority’s area,
(1)(b) the circumstances set out in an entry in column 1 of the following table apply to the child, and
(1)(c) the condition, or all of the conditions, set out in the corresponding entry in column 2 of the table are met in relation to the child.
(2) The local authority must make suitable transport arrangements to facilitate the attendance of the child each day at the relevant places where the child receives education or training. But this duty is subject to the provisions of section 5.
(3) The local authority must not charge a child or a parent who is an individual for any transport arrangements made in accordance with this section.
(4) Transport arrangements made in accordance with this section may include—
(4)(a) the provision of transport;
(4)(b) the payment of the whole, but not part, of a child’s transport expenses.
(5) For the purposes of subsection (2), transport arrangements are not suitable if—
(5)(a) they cause unreasonable levels of stress for the child,
(5)(b) they take an unreasonable amount of time, or
(5)(c) they are unsafe.
(6) For the purposes of each paragraph (b) in the second column of the table in this section, the school, unit or institution is suitable for the child if the education or training provided there is suitable, having regard to the age, ability and aptitudes of the child and any learning difficulties he or she may have.
(7) The distances mentioned in column 2 of the table in this section are to be measured by the shortest available route.
(8) A route is “available” for the purposes of subsection (7) if—
(8)(a) it is safe for a child without a disability or learning difficulty to walk the route alone, or
(8)(b) it is safe for such a child to walk the route with an escort, if the age of the child would call for the provision of an escort.
(9) Regulations may prescribe circumstances and conditions for the purposes of paragraphs (b) and (c) of subsection (1); such regulations may amend the table or subsections (6), (7) and (8) (including repealing an entry in the table or those subsections).

Section 4: Local authority duty to make other travel arrangements
(1) This section applies in relation to a child of compulsory school age if—
(1)(a) the child is receiving education or training at a relevant place,
(1)(b) the child is ordinarily resident in a local authority’s area, and
(1)(c) the local authority consider that travel arrangements are necessary to facilitate the attendance of the child each day at the relevant place where the child receives education or training.
(2) The local authority must make suitable travel arrangements to facilitate the attendance of the child each day at the relevant places where the child receives education or training. But this duty is subject to the provisions of section 5.
(3) A local authority must not charge a child or a parent who is an individual for any travel arrangements made in accordance with subsection (2).
(4) Travel arrangements made in accordance with subsection (2) may include the payment of the whole, but not part, of a child’s travel expenses.
(5) In considering whether travel arrangements are suitable for the purposes of this section, a local authority must have regard in particular to—
(5)(a) the assessment they carry out in accordance with section 2(2);
(5)(b) the transport arrangements they are under a duty to make for the child under section 3;
(5)(c) the age of the child;
(5)(d) any disability or learning difficulty of the child;
(5)(e) the nature of the routes which the child could reasonably be expected to take.
(6) For the purposes of this section, travel arrangements are not suitable if—
(6)(a) they cause unreasonable levels of stress for the child,
(6)(b) they take an unreasonable amount of time, or
(6)(c) they are unsafe.
(7) In considering whether travel arrangements are necessary for the purposes of this section a local authority—
(7)(a) must have regard in particular to the matters specified in subsection (5);
(7)(b) may have regard in particular to whether or not the child is attending the nearest suitable relevant place to the child’s place of ordinary residence.
(8) Subsection (7)(b) applies if—
(8)(a) the child is not looked after by a local authority, and
(8)(b) arrangements have been made by the local authority for enabling the child to attend a suitable relevant place nearer to the child’s place of ordinary residence.
(9) For the purposes of this section, a relevant place is suitable for a child if the education or training provided there is suitable, having regard to the age, ability and aptitudes of the child and any learning difficulties he or she may have.

Section 5: Limits of learner travel duties
Section 2 does not require the assessment of learner travel needs and sections 3 and 4 do not require the making of travel arrangements— (a) for learners to travel during the day between relevant places or between different sites of the same institution, or (b) for any purpose other than attendance at a relevant place to receive education or training.

Section 6: Power of local authorities to make learner travel arrangements
(1) This section applies in relation to a learner if—
(1)(a) the learner is ordinarily resident in the local authority’s area, or
(1)(b) the learner receives education or training in the local authority’s area.
(2) The local authority may make travel arrangements to facilitate the attendance of the learner at a place where that person receives education or training.
(3) A local authority may charge for travel arrangements made under this section for registered pupils of compulsory school age in accordance with the provisions of sections 455 and 456 of the Education Act 1996.
(4) A local authority may charge for travel arrangements made under this section for other learners.

Section 7: Travel arrangements for learners in post-16 education or training
(1) This section applies in relation to learners ordinarily resident in Wales—
(1)(a) who—
(1)(a)(i) are over compulsory school age but have not attained the age of 19, or
(1)(a)(ii) have attained the age of 19 and have begun a particular course of education or training before attaining that age and continue to attend that course; and
(1)(b) who receive education or training—
(1)(b)(i) at a place in Wales, or
(1)(b)(ii) which is funded by the Welsh Ministers at a place outside Wales.
(2) Regulations may make provision about travel arrangements for learners to and from the places where they receive education or training.
(3) The regulations may in particular—
(3)(a) confer powers or impose duties on the following—
(3)(a)(i) the Welsh Ministers;
(3)(a)(ii) local authorities;
(3)(a)(iii) institutions in the further education sector;
(3)(b) specify the kinds of place to and from which travel arrangements may or must be made;
(3)(c) specify the travel arrangements that may or must be made;
(3)(d) specify the matters that must be taken into account in making decisions about travel arrangements;
(3)(e) make provision about charges;
(3)(f) require any person to give any information or other assistance that is reasonably required by any other person in connection with the performance of the other person’s functions under the regulations;
(3)(g) make provision about the standards of behaviour required of learners while travelling to and from the places where they receive education or training.

Section 8: Travel arrangements to and from nursery education
(1) Regulations may make provision about travel arrangements for children under compulsory school age to and from the places where they receive nursery education.
(2) The regulations may in particular—
(2)(a) require a local authority to make travel arrangements;
(2)(b) permit a local authority to make travel arrangements;
(2)(c) specify the kinds of place to and from which travel arrangements may or must be made;
(2)(d) specify the travel arrangements that may or must be made;
(2)(e) specify the matters that must be taken into account in making decisions about travel arrangements;
(2)(f) make provision about charges;
(2)(g) require any person to give any information or other assistance that is reasonably required by the local authority in connection with the performance of the authority’s functions under the regulations.

Section 9: Learner travel arrangements not to favour certain types of education or training
(1) This section applies if arrangements under section 3, 4, or 6 are made in respect of learners of a description set out in an entry in column 1 of the following table.
(2) Arrangements must also be made in accordance with those sections in respect of the learners of the description set out in the corresponding entry in column 2 of the table.
(3) The arrangements referred to in subsection (2) must be no less favourable than the arrangements referred to in subsection (1).

Section 10: Promoting access to education and training through the medium of the Welsh language
Each local authority and the Welsh Ministers must promote access to education and training through the medium of the Welsh language when exercising functions under this Measure.

Section 11: Sustainable modes of travel
(1) Each local authority and the Welsh Ministers must promote the use of sustainable modes of travel when exercising functions under this Measure.
(2) “Sustainable modes of travel” are modes of travel which the authority or the Welsh Ministers (as the case may be) consider may improve either or both of the following—
(2)(a) the physical well-being of those who use them;
(2)(b) the environmental well-being of—
(2)(b)(i) the whole or part of the local authority’s area, in the case of an authority, or
(2)(b)(ii) the whole or part of Wales, in the case of the Welsh Ministers.

Section 12: Travel behaviour code
(1) The Welsh Ministers must make a travel behaviour code.
(2) A travel behaviour code is a code setting out the standards of behaviour required of learners to whom subsection (3) applies while they are travelling to and from the relevant places where they receive education or training (whether or not they take advantage of travel arrangements made by a local authority).
(3) This subsection applies to—
(3)(a) learners who have not attained the age of 19;
(3)(b) learners who have attained the age of 19 who have begun a course of education or training before attaining that age and continue to attend that course;
(3)(c) such other learners as may be prescribed.
(4) The Welsh Ministers must review the travel behaviour code from time to time.
(5) The Welsh Ministers must publish the code.
(6) Before making or revising a code the Welsh Ministers must consult such persons as they consider appropriate.

Section 13: Enforcement of travel behaviour code: pupils at relevant schools
(1) Section 89 of the Education and Inspections Act 2006 is amended as follows.
(2) In subsection (2), after “The head teacher” insert .
(3) After subsection (2) insert—
(4) In subsection (3) for “The” substitute .
(5) After subsection (3) insert—
(6) In subsection (5), after “head teacher” insert .
(7) After subsection (5) insert—“of a relevant school in England”
“ (2A) The head teacher of a relevant school in Wales must in determining such measures—
(a) act in accordance with the current statement made by the governing body under section 88(2)(a),
(b) have regard to any notification or guidance given to him under section 88(2)(b), and
(c) require pupils at the school to comply with the travel behaviour code made by the Welsh Ministers under section 12 of the Learner Travel (Wales) Measure 2008. ”
“In relation to a relevant school in England, the”
“ (3A) In relation to a relevant school in Wales, the standard of behaviour which is to be regarded as acceptable must be determined by the head teacher, so far as it is not determined by—
(a) the governing body, or
(b) the Welsh Ministers. ”
“of a relevant school in England”
“ (5A) The measures which the head teacher of a relevant school in Wales determines under subsection (1) may, to such extent as is reasonable and not required by subsection (2A)(c), include measures to be taken with a view to regulating the conduct of pupils at a time when they are not on the premises of the school and are not under the lawful control or charge of a member of the staff of the school. ”

Section 14: Enforcement of travel behaviour code: withdrawal of travel arrangements
(1) This section applies to learners for whom travel arrangements are made under section 3 or 4.
(2) The local authority may withdraw travel arrangements made for a learner if—
(2)(a) the authority is satisfied that the learner has failed to comply with the travel behaviour code made under section 12, and
(2)(b) the following conditions applicable to the learner are satisfied.
(3) All six of the following conditions apply to any learner who is a registered pupil at a relevant school.
(4) The first, third and fourth of the following conditions apply to any learner who is not a registered pupil at a relevant school.
(5) The first condition is that before any decision is taken to withdraw travel arrangements—
(5)(a) the learner and the parent of the learner are given the opportunity to make representations, and
(5)(b) those representations are considered by the local authority.
(6) The second condition is that the head teacher of the relevant school at which the learner is a registered pupil—
(6)(a) is consulted about the decision to withdraw travel arrangements; and
(6)(b) is given notice of the decision at least 24 hours before the withdrawal takes effect.
(7) The third condition is that the decision to withdraw travel arrangements is reasonable in the circumstances.
(8) The fourth condition is that the local authority gives notice of the withdrawal of travel arrangements to the learner’s parent at least 24 hours before the withdrawal takes effect.
(9) The fifth condition is that the period of withdrawal does not exceed 10 consecutive school days.
(10) The sixth condition is that the period of withdrawal would not result in the learner having travel arrangements withdrawn for more than 30 school days in the school year in which the withdrawal takes effect.
(11) In determining whether a decision to withdraw travel arrangements is reasonable for the purposes of subsection (7), the following matters in particular must be taken into account—
(11)(a) whether the period of withdrawal is proportionate in the circumstances of the case,
(11)(b) any special circumstances relevant to the withdrawal of travel arrangements which are known to the local authority (or of which the authority ought to be aware) including in particular—
(11)(b)(i) the learner’s age,
(11)(b)(ii) any special educational needs the learner may have,
(11)(b)(iii) any disability the learner may have,
(11)(b)(iv) whether the learner would lose an opportunity to take a public examination, and
(11)(b)(v) whether suitable alternative travel arrangements can reasonably be made by the learner’s parent.
(12) A notice under subsection (6) or (8) must be in writing and specify—
(12)(a) the period for which travel arrangements are to be withdrawn, and
(12)(b) the authority’s reasons for withdrawal of the travel arrangements.
(13) For the purposes of this section and section 17, a “relevant school” means—
(13)(a) a maintained school,
(13)(b) a pupil referral unit, or
(13)(c) a non-maintained special school.
(14) Regulations may—
(14)(a) amend or repeal either or both of subsections (9) and (10);
(14)(b) make provision for reviews of decisions under subsection (2);
(14)(c) make provision for appeals from decisions under subsection (2).
(15) Regulations under subsection (14)(c) may in particular—
(15)(a) specify the categories of person who may appeal;
(15)(b) specify the circumstances in which appeals may be made;
(15)(c) provide for the constitution of appeals panels;
(15)(d) provide for appeal procedures;
(15)(e) make provision about the effect of appeal decisions;
(15)(f) provide for the payment of allowances to members of appeals panels;
(15)(g) require the provision of information about appeals.

Section 15: Supplementary
(1) In exercising their functions under this Measure, the following bodies must have regard to guidance given from time to time by the Welsh Ministers —
(1)(a) local authorities;
(1)(b) governing bodies of maintained schools;
(1)(c) governing bodies of institutions in the further education sector.
(2) A local authority must make such learner travel arrangements under section 3, 4 or 6 as the Welsh Ministers direct.
(3) In making arrangements under section 3, 4 or 6 a local authority must comply with any directions given by the Welsh Ministers.
(4) Directions under this section may be given to one or more local authorities or local authorities generally.

Section 16: Information about travel arrangements
Regulations may require a local authority to publish, at such times and in such manner as may be prescribed, information— (a) received while carrying out assessments under section 2(2); (b) about assessments made under that section; (c) about the travel arrangements made under this Measure; (d) about the travel behaviour code made under section 12.

Section 17: Co-operation: information or other assistance
(1) The governing body of a maintained school or an institution in the further education sector in Wales must give a local authority any information or other assistance that is reasonably required by them for the performance of their functions under this Measure.
(2) A local authority must give another local authority any information or other assistance that is reasonably required by the other authority for the performance of their functions under sections 2, 3, 4 and 6.
(3) A local authority must give the head teacher of a relevant school any information or other assistance that is reasonably required by the head teacher about the behaviour of a registered pupil of his or her school while the pupil was taking advantage of travel arrangements made by the local authority under this Measure.
(4) A head teacher of a relevant school must give a local authority any information or other assistance that is reasonably required by the local authority for the performance of their functions under section 14.

Section 18: Payment of travel costs by a local authority which looks after a child
(1) This section applies where a local authority (“authority A”) makes travel arrangements under sections 3 or 4 for a child who is looked after by a local authority responsible for a different area (“authority B”).
(2) Authority A may demand reimbursement from authority B for the full cost or part of the cost of making the travel arrangements.
(3) Authority B must comply with the demand.

Section 19: Determination of ordinary residence in particular circumstances
(1) If a person has no ordinary residence, that person is to be treated for the purposes of this Measure as being ordinarily resident at the place at which he or she is for the time being resident.
(2) Subsections (3) to (6) apply to a child or young person who is either—
(2)(a) a registered pupil at a school, or
(2)(b) enrolled as a full-time student at an institution in the further education sector.
(3) This subsection applies to a child or young person—
(3)(a) whose parents are not living together, and
(3)(b) who usually lives with more than one parent in the periods during which the child or young person receives education or training.
(4) This subsection applies to a child or young person who usually lives with a parent and also at a children’s home in the periods during which the child or young person receives education or training.
(5) For the purposes of this Measure—
(5)(a) a child or young person to whom subsection (3) applies is ordinarily resident at the places where each of his or her parents is ordinarily resident;
(5)(b) a child or young person to whom subsection (4) applies is ordinarily resident at the children’s home and the place where his or her parent is ordinarily resident.
(6) But if there are more than two such places, the child or young person is ordinarily resident at the two places nearest—
(6)(a) the school at which the child or young person is a registered pupil, or
(6)(b) the institution in the further education sector at which the child or young person is enrolled as a full-time student.
(7) In this section—
(7)(a) “children’s home” has the same meaning as in section 1 of the Care Standards Act  2000 (c. 14) ;
(7)(b) “parent” means a parent within the meaning of section 576(1) of the Education Act 1996 who is an individual.

Section 20: Amendments to section 444 of the Education Act 1996
(1) Section 444 of the Education Act 1996 (school attendance) is amended as follows.
(2) For subsection (4) substitute —
(3) In subsection (5) for “subsections (3D) and (4)” substitute .“ (4) The child is not to be taken to have failed to attend regularly at the school if the parent proves that the local authority have failed to discharge—
(a) a duty to make transport arrangements in relation to the child under section 3 of the Learner Travel (Wales) Measure 2008, or
(b) a duty to make travel arrangements in relation to the child under section 4 of that Measure. ”
“subsection (3D)”

Section 21: Amendments to the Education Act 2002
(1) The Education Act 2002 is amended as follows.
(2) Section 32 (fixing dates of terms and holidays and times of school sessions) is amended as follows—
(2)(a) in subsection (1)(b) before “the governing body” insert
(2)(b) ;
(2)(b) in subsection (2)(b) before “the times” insert
(2)(d) ;
(2)(c) after subsection (4) insert—
(3) In section 210 (orders and regulations)—
(3)(a) in subsection (1) for “the National Assembly for Wales” substitute
(3)(b) ;
(3)(b) after subsection (6) insert—
(3)(c) in subsection (7)—
(3)(c)(i) for “the National Assembly for Wales” substitute ,
(3)(c)(ii) for “the Assembly thinks” in paragraph (c) substitute .

Section 22: Amendments to sections 455 and 456 of the Education Act 1996
(1) The Education Act 1996 is amended as follows.
(2) In section 455 (permitted charges)—
(2)(a) after subsection (1)(b) insert—
(2)(b) in subsection (1)(c) after “maintained school” insert
(2)(c) ;
(2)(c) at the end of subsection (2)(b) omit “or”;
(2)(d) after subsection (2)(b) insert—
(2)(e) in subsection (3) after “entry” insert
(2)(g) .
(3) In section 456 (regulation of permitted charges), in subsection (3) after “A regulated charge” insert .“, except any charge permitted by virtue of section 455(1)(ba),”

Section 23: Amendments to the Education and Inspections Act 2006
(1) The Education and Inspections Act 2006 is amended as follows.
(2) In section 162 (power to repeal references to “local education authority”), after subsection (5) insert—
(3) In section 181—
(3)(a) for subsection (1) substitute—
(3)(b) in subsection (2)—
(3)(b)(i) for “the Assembly”, the first time that expression appears, substitute ,
(3)(b)(ii) for “the Assembly thinks” in paragraph (c) substitute .
(4) After section 182 insert—“ (5A) The Welsh Ministers may by order make such provision as appears to them to be appropriate for the purpose of—
(a) repealing any reference in a Measure of the National Assembly for Wales to a local education authority (however expressed), and
(b) replacing it, where it appears to them to be appropriate, with a reference (however expressed) to a Welsh local authority. ”
“ 182A Assembly control of orders and regulations
(1) Any statutory instrument containing an order made under section 162(5A) by the Welsh Ministers may not be made unless a draft of the instrument has been laid before, and approved by a resolution of, the Assembly.
(2) Paragraphs 33 to 35 of Schedule 11 to the Government of Wales Act 2006 make provision about the Assembly procedures that apply to any statutory instrument containing regulations or an order made in exercise of functions conferred upon the Assembly by this Act that have been transferred to the Welsh Ministers by virtue of paragraph 30 of that Schedule. ”

Section 24: General
(1) In this Measure— “academic year” (“ blwyddyn academaidd ”) means any period from 1 August to 31 July; “disability” (“ anabledd ”) and “disabled person” (“ person anabl ”) have the same meaning as in section 1 of the Disability Discrimination Act  1995 (c. 50) ; “education” (“ addysg ”) does not include higher education; “learning difficulty” (“ anhawster dysgu ”) in respect of a person means— “local authority” (“ awdurdod lleol ”) means a local education authority in Wales; but in any reference to a child looked after by a local authority it means a council of a county or county borough in Wales exercising social services functions within the meaning of the Local Authority Social Services Act  1970 (c. 42) ; “maintained school” (“ ysgol a gynhelir ”) means a community, foundation or voluntary school, a community or foundation special school or a maintained nursery school; “non-maintained special school” (“ ysgol arbennig nas cynhelir ”) means a school approved under section 342 of the Education Act 1996; “nursery education” (“ addysg feithrin ”) means education suitable for children who have not attained compulsory school age; “prescribed” (“ rhagnodi ”) means prescribed in regulations; “regulations” (“ rheoliadau ”) means regulations made by the Welsh Ministers; “work experience” (“ profiad gwaith ”) means work experience arranged for—
(1)(a) a significantly greater difficulty in learning than the majority of persons of the same age, or
(1)(b) a disability which either prevents or hinders that person from using facilities of a kind provided at relevant places,
(1)(c) but a person is not to be taken as having a learning difficulty solely because the language (or form of the language) in which the person is taught or will be taught is different from a language (or form of a language) which has at any time been spoken in the person’s home;
(1)(a) a registered pupil of a maintained school or a pupil referral unit, or
(1)(b) a student enrolled at an institution within the further education sector,
(1)(f) by, or on behalf of, the governing body of the relevant educational institution.
(2) References in this Measure to a child who is looked after by a local authority have the same meaning as they have in section 22(1) of the Children Act  1989 (c. 41) .
(3) Subject to subsection (4), the Education Act 1996 and the provisions of this Measure are to be read as if those provisions were contained in the Education Act 1996.
(4) Where an expression is given for the purposes of any provision of this Measure a meaning different from that given to it for the purposes of the Education Act 1996, the meaning given for the purposes of that provision is to apply instead of the one given for the purposes of that Act.

Section 25: Minor and consequential amendments
Schedule 1 contains minor and consequential amendments relating to the provisions made by this Measure.

Section 26: Repeals
The enactments specified in Schedule 2 are repealed to the extent specified.

Section 27: Orders and regulations
(1) Any power of the Welsh Ministers to make an order or regulations under this Measure is exercisable by statutory instrument.
(2) Any power of the Welsh Ministers to make an order or regulations under this Measure includes power—
(2)(a) to make different provision for different cases or areas;
(2)(b) to make provision generally or in relation to specific cases;
(2)(c) to make such incidental, supplementary, transitional or saving provision as the Welsh Ministers think fit.
(3) The power of the Welsh Ministers to make regulations under section 3(9), 7 or 8 also includes power to make such consequential provision as the Welsh Ministers think fit.
(4) The incidental, supplementary, transitional, saving or consequential provision to be made in regulations may include such provision that amends or repeals any provision of—
(4)(a) this Measure or any other Measure of the National Assembly for Wales passed before or in the same Assembly year as this Measure;
(4)(b) an Act passed before the passing of this Measure;
(4)(c) subordinate legislation made before the passing of this Measure.
(5) Any statutory instrument containing regulations made under this Measure is subject to annulment in pursuance of a resolution of the National Assembly for Wales.
(6) Subsection (5) does not apply to regulations to which subsection (7) applies.
(7) A statutory instrument which contains (alone or with other provisions)—
(7)(a) regulations under section 3(9),
(7)(b) regulations under section 7,
(7)(c) regulations under section 8,
(7)(d) regulations under section 14(14)(a), or
(7)(e) regulations under subsection (4) which amend or repeal any provision of an Act or Assembly Measure,
(7)(f) may not be made unless a draft of the instrument has been laid before, and approved by a resolution of, the National Assembly for Wales.

Section 28: Commencement
(1) The following provisions come into force at the end of a period of two months beginning on the day on which this Measure is approved by Her Majesty in Council— this section; section 27; section 29.
(2) The remaining provisions of this Measure come into force in accordance with provision made by the Welsh Ministers by order.

Section 29: Short title and inclusion of Measure within the Education Acts
(1) This Measure may be cited as the Learner Travel (Wales) Measure 2008.
(2) This Measure is to be included in the list of Education Acts set out in section 578 of the Education Act 1996. (introduced by section 25)",NA,1322
373,Section 13,The SPC may do anything conducive to the exercise of its functions.,No,SPC,Organization,Facilitate functions,Major Operational Delegation,No,None,Yes,Action is left to discretion.,Authorization Granting,Governance,Functions,Process,asc/2023/1,Section 13,article,"Section 13: Supplementary powers
The SPC may do anything which is calculated to facilitate, or which is conducive or incidental to, the exercise of its functions or the functions of a subgroup.",NA,372
1657,5,No person shall use or permit the use of a vehicle in such a way that it overtakes any other vehicle in the length of the trunk road during such times as the restriction referred to in article 4 is in operation.,No,No person,Individual,Prohibit overtaking,Self-Execution,Yes,Subject to article 6,No,None,Overtaking Prohibition,Transportation,Vehicle overtaking,Process,wsi/2014/1767,All,full,"Section Regulation 1: This Order comes into force on 7 July 2014.
Its title is The A494 Trunk Road (Pont Rhydsarn to Pont Fronwydd, Gwynedd) (Temporary Traffic Restrictions and No Overtaking) Order 2014. 2 —(1) In this Order: “the length of the trunk road” (“y darn o’r gefnffordd”) means the length of the A494 trunk road in the County of Gwynedd that extends from a point 100 metres south-west of the centre-point of the access to the dwelling known as Ty Mawr, near Pont Rhydsarn in a south-westerly direction to a point 350 metres south-west of the centre-point of the access to the dwelling known as Rhosyfedwen, near Pont Fronwydd; “works period” (“cyfnod y gwaith”) means the period commencing at 08:00 hours on 7 July 2014 and ending when the temporary traffic signs are permanently removed.
(2) Any reference in this Order to a numbered article is a reference to the article bearing that number in this Order. Restrictions & Prohibition

Section Regulation 3: Subject to the provisions of article 6, no person shall, during the works period, drive or cause or permit any vehicle to proceed at a speed exceeding 40 miles per hour in the length of the trunk road.

Section Regulation 4: Subject to the provisions of article 6, no person shall, during the works period, drive or cause or permit any vehicle to proceed at a speed exceeding 10 miles per hour in the length of the trunk road.

Section Regulation 5: Subject to the provisions of article 6, no person shall, during the works period, use or permit the use of a vehicle in such a way that it overtakes any other vehicle in the length of the trunk road during such times as the restriction referred to in article 4 is in operation.

Section Regulation 6: Application

Section Regulation 7: Duration of this Order
Signed under authority of the Minister for Economy, Science and Transport, one of the Welsh Ministers. Dated the 4 July 2014 R Morgan R MORGAN Head of Asset Management and Standards Welsh Government",NA,1656
1167,72(2)(a),Section 6 of the 1997 Act shall not apply to works carried out under section 16 of this Act.,No,None,None,Exempt from section 6,None,Yes,Exemption from section 6 for works under section 16.,No,None,Exemption,Heritage Conservation,Listed building,Organization,asp/2006/6,Section 72,article,"Section 72: Listed buildings and conservation areas
(1) If a listed building was such a building at the coming into force of this Act and is specified in columns (1) and (2) of Part 1 of schedule 10—
(1)(a) section 6 (Restriction on works affecting listed buildings) of the 1997 Act shall not apply to works carried out to such a building under the provisions of this Act;
(1)(b) to the extent that a notice issued in relation to the building under section 34(1) (Power to issue listed building enforcement notice) of the 1997 Act requires the taking of steps which would be rendered ineffective, or substantially ineffective, by works proposed to be carried out in exercise of the powers conferred by this Act, it shall not have effect, or, as the case may be, shall cease to have effect;
(1)(c) no steps may be taken in relation to the building under section 38(1) (Execution of works required by listed building enforcement notice) of the 1997 Act which would be rendered ineffective, or substantially ineffective, by such works as are mentioned in paragraph (b); and
(1)(d) no works may be executed for the preservation of the building under section 49 (Urgent works to preserve unoccupied listed buildings) of the 1997 Act which would be rendered ineffective, or substantially ineffective, by such works as are mentioned in paragraph (b).
(2) If a listed building was such a building at the coming into force of this Act and is not specified in Part 2 of schedule 10—
(2)(a) section 6 of the 1997 Act shall not apply to works carried out to such a building under the provisions of section 16 (Attachment of equipment to buildings for purposes of works);
(2)(b) to the extent that a notice issued in relation to the building under section 34(1) of the 1997 Act requires the taking of steps which would be rendered ineffective, or substantially ineffective, by works proposed to be carried out in exercise of the powers conferred by section 16, it shall not have effect, or, as the case may be, shall cease to have effect;
(2)(c) no steps may be taken in relation to the building under section 38(1) of the 1997 Act which would be rendered ineffective, or substantially ineffective, by such works as are mentioned in paragraph (b) of this subsection; and
(2)(d) no works may be executed for the preservation of the building under section 49 of the 1997 Act which would be rendered ineffective, or substantially ineffective, by such works as are mentioned in paragraph (b) of this subsection.
(3) In the case of any building specified in columns (1) and (2) of Part 1 of schedule 10 in relation to which any description of works is specified in column (3) of that Part of that schedule, subsection (1) shall have effect as if the references to works carried out in exercise of the powers conferred by this Act were, so far as concerns works of demolition or alteration (as opposed to extension), to works so carried out which are of a description specified in relation to it in that column.
(4) Paragraphs (a) to (d) of subsections (1) and (2) shall also apply in relation to a listed building which was not such a building immediately before the coming into force of this Act.
(5) If a building included in a conservation area and not a listed building—
(5)(a) was not included in a conservation area immediately before the coming into force of this Act, or
(5)(b) was included in such an area immediately before that date and is specified in columns (1) and (2) of Part 1 of schedule 10,
(5)(c) section 66 (Control of demolition in conservation areas) of the 1997 Act shall not apply to the demolition of it in exercise of the powers conferred by this Act.
(6) Anything which, by virtue of section 1(4) (Listing of buildings of special architectural or historic interest) of the 1997 Act is treated as part of the building for the purposes of that Act, shall be treated as part of the building for the purposes of this section.
(7) Section 53 (Acts causing or likely to result in damage to listed buildings) of the 1997 Act shall not apply to anything done in exercise of the powers conferred by this Act with respect to works.
(8) In this section— “the 1997 Act” means the Planning (Listed Buildings and Conservation Areas) (Scotland) Act  1997 (c. 9) ; “building” and “listed building” have the same meaning as in the 1997 Act; “conservation area” means an area which is designated as a conservation area under the terms of the 1997 Act; and “works” includes the attachment of equipment to buildings authorised by section 16 (Attachment of equipment to buildings for purposes of works).",NA,1166
295,13(2),This Act does not affect the power of the Welsh Ministers to make rules under section 36 or section 36A of the Representation of the People Act 1983.,No,Welsh Ministers,Government Officials,Maintain power to make rules.,None,Yes,Does not affect section 36/36A power.,No,None,Clarification,Legislative,Rules,Systemic Condition,asc/2021/2,All,full,"Section 1: The 2021 election
In this Act, “the 2021 election” means the ordinary general election for membership of Senedd Cymru the poll for which is due to be held in 2021.

Section 2: Application of provisions of Government of Wales Act 2006
(1) Subsections (2) to (4) of section 3 of the 2006 Act (dissolution of Senedd Cymru before an ordinary general election and date of first meeting after the election) do not apply to the 2021 election.
(2) Section 3(1) of the 2006 Act (day on which the poll at an ordinary general election is held) has effect subject to the provisions of section 6.
(3) Section 4(2)(c) of the 2006 Act (period within which Senedd Cymru must meet where the day of poll is varied by proclamation) does not apply to the 2021 election.
(4) Section 10 of the 2006 Act (constituency vacancies) has effect subject to the provisions of section 10.

Section 3: Dissolution of the current Senedd
(1) For the purpose of the holding of the poll for the 2021 election, Senedd Cymru is dissolved on 29 April 2021, unless—
(1)(a) the Llywydd exercises the power conferred by section 6 (power to postpone 2021 election for up to 6 months), or
(1)(b) Her Majesty dissolves Senedd Cymru before that day by proclamation under section 4(2) of the 2006 Act (power to vary date of Senedd ordinary general election).
(2) If the Llywydd exercises the power conferred by section 6, Senedd Cymru is dissolved at the beginning of the period of 7 days that ends immediately before the day fixed for the holding of the poll, unless subsection (3) applies.
(3) This subsection applies where, before the day on which Senedd Cymru is due to be dissolved in accordance with subsection (2), the Llywydd exercises the power conferred by section 6 again (and, accordingly, subsection (2) applies to that exercise of the power in turn).

Section 4: Guidance on exercise of functions in the pre-election period
(1) The First Minister must publish guidance about the exercise of the functions of the First Minister, the Welsh Ministers and the Counsel General during the pre-election period for the 2021 election.
(2) The First Minister, the Welsh Ministers and the Counsel General must have regard to the guidance.
(3) The First Minister must determine the pre-election period for the 2021 election for the purpose of this section.
(4) The period determined must include the period of 30 days ending with the day fixed for the holding of the poll for the 2021 election.
(5) The guidance must be published before the end of the period of 14 days beginning with the day on which this Act receives Royal Assent.

Section 5: Date of first meeting after the 2021 election
Senedd Cymru must meet within the period of 21 days beginning immediately after the day on which the poll for the 2021 election is held.

Section 6: Power to postpone 2021 election for up to 6 months
(1) The First Minister for Wales (“the First Minister”) may propose to the Llywydd that the poll for the 2021 election is postponed if, for a reason relating to coronavirus, the First Minister considers it necessary or appropriate to do so.
(2) But before making a proposal under subsection (1), the First Minister must consult the member of staff of the Welsh Government designated by the Welsh Ministers as the Chief Medical Officer for Wales.
(3) Following a proposal from the First Minister, the Llywydd may fix a day for the holding of the poll for the 2021 election if—
(3)(a) Senedd Cymru approves the day to be fixed by a resolution passed on a vote in which the number of Senedd Members voting in favour of it is not less than two-thirds of the total number of Senedd seats, and
(3)(b) Senedd Cymru has not been dissolved.
(4) When fixing a day for the holding of the poll the Llywydd—
(4)(a) must fix a day that is the earliest day the Llywydd considers to be reasonably practicable;
(4)(b) must not fix a day that is after 5 November 2021.
(5) As soon as reasonably practicable after fixing a day for the holding of the poll, the Llywydd must lay before Senedd Cymru a statement of—
(5)(a) the day fixed for the holding of the poll, and
(5)(b) the reason for the exercise of the power to fix a day.
(6) The Electoral Commission must provide advice in relation to postponement of the poll if requested to do so by the Llywydd or the First Minister.
(7) The powers in subsections (1) and (3) may be exercised more than once.
(8) The First Minister must lay a statement before Senedd Cymru on or before 24 March 2021 setting out whether or not the First Minister intends to exercise the power in subsection (1).
(9) If the First Minister does not intend to exercise the power, the statement must set out—
(9)(a) the reasons for not exercising the power, and
(9)(b) whether, in the First Minister’s view, a full and fair election campaign can be conducted by all persons seeking election in the 2021 election which does not disadvantage any person eligible to vote in that election.
(10) Any intention expressed in the statement under subsection (8) does not affect the exercise of the power in subsection (1).
(11) Nothing in this section limits the power in section 4 of the 2006 Act to vary the date of an ordinary general election for membership of Senedd Cymru.
(12) The Welsh Ministers must publish the criteria to be used by the First Minister for determining whether it is necessary or appropriate to postpone the poll for the 2021 election for a reason relating to coronavirus under subsection (1).
(13) The criteria must be published before the end of the period of 14 days beginning with the day on which this Act receives Royal Assent.

Section 7: Power to provide for additional polling days
(1) This section applies if the day for the holding of the poll of the 2021 election is fixed under section 6.
(2) The Welsh Ministers may, by regulations made by statutory instrument, provide that polling that would otherwise be required to take place only on the date fixed under section 6 may take place on one or more additional days specified in the regulations.
(3) Regulations under subsection (2) may—
(3)(a) specify a day only if it falls within the period of 7 days immediately preceding the day fixed for the holding of the poll;
(3)(b) require polling on additional days to take place at particular locations or descriptions or categories of locations specified in the regulations;
(3)(c) modify the meaning of a relevant reference so far as it relates to provision made in the regulations.
(4) In subsection (3), a “relevant reference” means a reference (however expressed) in any enactment or document to the day or date of the poll at the 2021 election.
(5) The Electoral Commission must provide advice in relation to the exercise of the power in subsection (2) if requested to do so by the Welsh Ministers.
(6) When laying draft regulations under subsection (7) before Senedd Cymru, the Welsh Ministers must at the same time lay before Senedd Cymru a statement of the reasons for the regulations.
(7) A statutory instrument containing regulations under subsection (2) must be laid before Senedd Cymru and ceases to have effect on the expiry of 28 days beginning with the day it is made unless, before the expiry of that period, it is approved by resolution of Senedd Cymru.
(8) But if—
(8)(a) Senedd Cymru votes on a motion for a resolution to approve a statutory instrument laid under subsection (7) before the expiry of the period of 28 days mentioned in that subsection, and
(8)(b) the motion is not passed,
(8)(c) the instrument ceases to have effect at the end of the day on which the vote takes place.
(9) In calculating any period of 28 days for the purposes of subsection (7), no account is to be taken of any period during which Senedd Cymru is—
(9)(a) dissolved, or
(9)(b) in recess for more than 4 days.
(10) Subsections (7) and (8) do not—
(10)(a) affect anything done in reliance on the regulations before they ceased to have effect, or
(10)(b) prevent the making of new regulations.
(11) Regulations under subsection (2) have no effect where the poll at the 2021 election and the poll at the ordinary election of police and crime commissioners for police areas in Wales are to be taken together under article 16A of the 2007 Order.
(12) In subsection (11), “ordinary election of police and crime commissioners for police areas” has the meaning given in section 50 of the  Police Reform and Social Responsibility Act 2011 (c. 13) .

Section 8: Further power to vary date of 2021 election
(1) This section applies if the day for the holding of the poll of the 2021 election is fixed under section 6.
(2) The Llywydd may propose, for the holding of the poll, a day which is not more than one month earlier, nor more than one month later, than the day fixed under section 6.
(3) The power under subsection (2) may not be exercised so as to propose a date after 5 November 2021.
(4) If the Llywydd proposes a day under subsection (2), Her Majesty may by proclamation under the Welsh Seal—
(4)(a) dissolve Senedd Cymru;
(4)(b) require the poll at the election to be held on the day proposed.
(5) As soon as reasonably practicable after a proclamation is made under subsection (4), the Llywydd must publish a statement of—
(5)(a) the day on which the poll is to be held, and
(5)(b) the reason for the exercise of the Llywydd’s power under subsection (2).

Section 9: Guidance on election campaigning
(1) The Welsh Ministers must issue guidance to persons undertaking election campaigning activities for the purpose of an election specified in subsection (2) about how they may undertake those activities in accordance with enactments imposing restrictions relating to the control of coronavirus.
(2) The elections are—
(2)(a) the 2021 election;
(2)(b) an election to be held before 6 November 2021 under section 10 of the 2006 Act to fill a vacant constituency member seat;
(2)(c) an election to be held before 6 November 2021 to fill a casual vacancy in the office of councillor in a county council, county borough council or community council in Wales.
(3) The duty in subsection (1) only applies if, and so far as, restrictions imposed by an enactment affect election campaigning activities for the purpose of an election specified in subsection (2).

Section 10: Power to postpone Senedd by-elections
(1) This section applies after 6 May 2021 where an election is to be held under section 10 of the 2006 Act to fill a vacant constituency member seat (“a Senedd by-election”).
(2) The Llywydd may fix a date for the holding of the poll for a Senedd by-election that is outside the period required under section 10(5) or (6) of the 2006 Act.
(3) When fixing a day under subsection (2), the Llywydd must fix a day that is the earliest day the Llywydd considers to be reasonably practicable.
(4) The power under subsection (2)—
(4)(a) may be exercised more than once, and
(4)(b) may not be exercised so as to fix a date after 5 November 2021.
(5) Before exercising the power under subsection (2), the Llywydd must consult the Welsh Ministers.

Section 11: Power to postpone local authority by-elections
(1) The Welsh Ministers may, by regulations made by statutory instrument, provide—
(1)(a) that the poll for a local authority by-election is to be held on a date, or within a period, specified in the regulations;
(1)(b) that the poll for a local authority by-election that would otherwise be required to be held on a date that falls within a period specified in the regulations is instead to be held on a later date, or within another period, specified in the regulations.
(2) In this section, a “local authority by-election” is an election where—
(2)(a) the date of the poll for the election falls within the period beginning with 6 May 2021 and ending with 5 November 2021, and
(2)(b) it is an election to fill a casual vacancy in the office of councillor in a county council, county borough council or community council in Wales.
(3) Regulations under subsection (1) must not specify—
(3)(a) a date after 5 November 2021, or
(3)(b) a period ending after 5 November 2021.
(4) The power to make regulations under subsection (1) may be exercised more than once in respect of any local authority by-election.
(5) Regulations under subsection (1) may make provision by reference to local authority by-elections of a description specified in the regulations (for example, by reference to the nature, date or location of the elections).
(6) The power to make regulations under subsection (1) includes the power to amend, modify, repeal or revoke any enactment.
(7) Subsection (8) applies to a statutory instrument containing regulations under subsection (1) that amend, modify or repeal provision contained in primary legislation.
(8) A statutory instrument to which this subsection applies must be laid before Senedd Cymru and ceases to have effect on the expiry of 28 days beginning with the day it is made unless, before the expiry of that period, it is approved by resolution of Senedd Cymru.
(9) But if—
(9)(a) Senedd Cymru votes on a motion for a resolution to approve a statutory instrument laid under subsection (8) before the expiry of the period of 28 days mentioned in that subsection, and
(9)(b) the motion is not passed,
(9)(c) the instrument ceases to have effect at the end of the day on which the vote takes place.
(10) In calculating any period of 28 days for the purposes of subsection (8), no account is to be taken of any period during which Senedd Cymru is—
(10)(a) dissolved, or
(10)(b) in recess for more than 4 days.
(11) Subsections (8) and (9) do not—
(11)(a) affect anything done in reliance on the regulations before they ceased to have effect, or
(11)(b) prevent the making of new regulations.
(12) A statutory instrument containing regulations under subsection (1) to which subsection (8) does not apply is subject to annulment in pursuance of a resolution of Senedd Cymru.

Section 12: Orders and rules on the conduct of elections to be held in 2021
(1) Subsection (3) applies to a statutory instrument containing an order under section 13(1)(a) of the 2006 Act (power to make an order as to the conduct of Senedd elections) that contains provision that applies—
(1)(a) only to the 2021 election, or
(1)(b) only to an election under section 10 of the 2006 Act to fill a vacant constituency member seat the poll for which is to be held before 6 November 2021.
(2) Subsection (3) applies to a statutory instrument containing rules under section 36A of the  Representation of the People Act 1983 (c. 2)  (power to make rules in relation to the conduct of elections of councillors for local government areas in Wales) that apply only to an election to fill a casual vacancy in the office of councillor in a county council, county borough council or community council in Wales the poll for which is to be held before 6 November 2021.
(3) A statutory instrument to which this subsection applies must be laid before Senedd Cymru and ceases to have effect on the expiry of 28 days beginning with the day it is made unless, before the expiry of that period, it is approved by resolution of Senedd Cymru.
(4) But if—
(4)(a) Senedd Cymru votes on a motion for a resolution to approve a statutory instrument laid under subsection (3) before the expiry of the period of 28 days mentioned in that subsection, and
(4)(b) the motion is not passed,
(4)(c) the instrument ceases to have effect at the end of the day on which the vote takes place.
(5) In calculating any period of 28 days for the purposes of subsection (4), no account is to be taken of any period during which Senedd Cymru is—
(5)(a) dissolved, or
(5)(b) in recess for more than 4 days.
(6) Subsections (3) and (4) do not—
(6)(a) affect anything done in reliance on the order or rules before they ceased to have effect, or
(6)(b) prevent the making of a new order or new rules.

Section 13: Supplementary
(1) This Act does not affect the power of the Welsh Ministers to make an order under section 13 of the 2006 Act, but subsection (7) of that section (Senedd Cymru procedure) is subject to section 12.
(2) This Act does not affect the power of the Welsh Ministers to make rules under section 36 or section 36A of the  Representation of the People Act 1983 (c. 2) , but section 36A(10) (Senedd Cymru procedure) is subject to section 12.

Section 14: Modification of the 2007 Order
(1) The 2007 Order is modified in relation to the 2021 election as follows.
(2) Article 2(1) (interpretation) has effect as if it contained the definition of “coronavirus” given by section 16.
(3) In Article 84(2)(b) (timing of when a person becomes a candidate in relation to a Senedd general election) has effect as if—
(3)(a) for “any subsequent Assembly election” there were substituted “the ordinary general election for membership of Senedd Cymru the poll for which is, on the day on which this provision comes into force, due to be held on 6 May 2021”;
(3)(b) in paragraph (i), for sub-paragraph (aa) there were substituted—
(3)(c) “ (aa) which is 21 days before 6 May 2021, computed in accordance with rule 2 of the rules set out in Schedule 5; ” .
(3AB) The grounds are that—
(3AB)(a) the application is made as a result of the need to comply with an enactment relating to coronavirus or to follow guidance relating to coronavirus issued by the Welsh Ministers, and
(3AB)(b) the applicant became aware of the grounds after 5pm on the sixth day before the date of the poll at the election for which it is made. ”
(4) In Schedule 1, paragraph 7 (closing date for applications for absent voting at Senedd elections) has effect as if—
(4)(a) in sub-paragraph (2), after “sub-paragraph (3)” there were inserted “and sub-paragraph (3A)”;
(4)(b) after sub-paragraph (3) there were inserted—
(4)(c) “ (3A) Where an application—
(4)(a) to vote by proxy under article 9(1), or
(4)(b) for the appointment of a proxy under article 11(6) or (7)
(4)(f) is made on the grounds set out in sub-paragraph (3AB) the application shall be disregarded if it is received after 5pm on the day of the poll at the election for which it is made.
(5) In Schedule 5 (Senedd election rules)—
(5)(a) rule 1(1) (timetable for conduct of proceedings at a Senedd election), in the table, in the column headed “Time”, the entry corresponding to the entry “Delivery of nomination papers.” has effect as if—
(5)(a)(i) the reference to “10” were substituted by “9”;
(5)(a)(ii) the reference to “4” were substituted by “5”.
(5)(b) rule 4 (nomination of candidates at a Senedd constituency election) has effect as if after paragraph (1) there were inserted—
(5)(c) “ (1A) The constituency nomination paper may also be delivered on the candidate’s behalf by a person authorised by the candidate for the purpose if the candidate has given the person’s name and address to the returning officer in writing or electronically before or at the time the paper is delivered. ”
(5)(c) rule 6 (nomination of individual candidates at a Senedd regional election) has effect as if after paragraph (1) there were inserted—
(5)(e) “ (1A) The individual nomination paper may also be delivered on the candidate’s behalf by a person authorised by the candidate for the purpose if the candidate has given the person’s name and address to the returning officer in writing or electronically before or at the time the paper is delivered. ”
(5)(d) rule 9(1) (consent to nomination at a Senedd constituency election) has effect as if⁠—
(5)(d)(i) sub-paragraph (b) were omitted;
(5)(d)(ii) for sub-paragraph (c) there were substituted—
(5)(g) “ (c) is delivered at the place for the delivery of nomination papers or is delivered electronically to an electronic address for that purpose; and
(5)(d) is delivered within the time specified for the delivery of the nomination papers. ”
(5)(e) rule 9(2) (consent to nomination at a Senedd regional election) has effect as if—
(5)(e)(i) sub-paragraph (b) were omitted;
(5)(e)(ii) for sub-paragraph (c) there were substituted—
(5)(j) “ (c) is delivered at the place for the delivery of individual nomination papers or party nomination papers, or is delivered electronically to an electronic address for that purpose; and
(5)(d) is delivered within the time specified for the delivery of the nomination papers. ”

Section 15: Review: preparations for the holding of the poll
(1) The Welsh Ministers must carry out reviews of the preparations for the holding of the poll for the 2021 election.
(2) The first review must take place by 19 February 2021.
(3) Subsequent reviews must take place at least once in each subsequent period of 21 days up until the poll for the 2021 election is held.
(4) As soon as reasonably practicable after a review, the Welsh Ministers must lay before Senedd Cymru a statement summarising the result of the review and stating whether any postponement of the 2021 election is reasonably anticipated.

Section 16: General
In this Act— “the 2006 Act” (“ Deddf 2006 ”) means the  Government of Wales Act 2006 (c. 32) ; “the 2007 Order” (“ Gorchymyn 2007 ”) means the  National Assembly for Wales (Representation of the People) Order 2007 (S.I. 2007/236) ; “the 2021 election” (“ etholiad 2021 ”) has the meaning given by section 1; “coronavirus” (“ coronafirws ”) means severe acute respiratory syndrome coronavirus 2 (SARS-CoV-2); “the Llywydd” means the Presiding Officer of Senedd Cymru; “primary legislation” (“ deddfwriaeth sylfaenol ”) means— (a) a Measure passed under Part 3 of the  Government of Wales Act 2006 (c. 32) ; (b) an Act passed under Part 4 of that Act; (c) an Act of the Parliament of the United Kingdom.

Section 17: Power to make consequential and transitional provision etc.
(1) If the Welsh Ministers consider it necessary or appropriate for the purposes of, in consequence of, or for giving full effect to any provision of this Act or provision made under it, they may by regulations made by statutory instrument make—
(1)(a) supplementary, incidental or consequential provision;
(1)(b) transitional, transitory or saving provision.
(2) Regulations under subsection (1) may—
(2)(a) make retrospective provision in relation to a local authority by-election within the meaning given by section 11(2), including provision having effect in relation to times before the coming into force of this Act;
(2)(b) amend, modify, repeal or revoke any enactment (including provision contained in this Act);
(2)(c) make different provision for different purposes or areas.
(3) Subsection (4) applies to a statutory instrument containing regulations under subsection (1) that amend, modify or repeal provision contained in primary legislation.
(4) A statutory instrument to which this subsection applies must be laid before Senedd Cymru and ceases to have effect on the expiry of 28 days beginning with the day it is made unless, before the expiry of that period, it is approved by resolution of Senedd Cymru.
(5) But if—
(5)(a) Senedd Cymru votes on a motion for a resolution to approve a statutory instrument laid under subsection (4) before the expiry of the period of 28 days mentioned in that subsection, and
(5)(b) the motion is not passed,
(5)(c) the instrument ceases to have effect at the end of the day on which the vote takes place.
(6) In calculating any period of 28 days for the purposes of subsection (4), no account is to be taken of any period during which Senedd Cymru is—
(6)(a) dissolved, or
(6)(b) in recess for more than 4 days.
(7) Subsections (4) and (5) do not—
(7)(a) affect anything done in reliance on the regulations before they ceased to have effect, or
(7)(b) prevent the making of new regulations.
(8) A statutory instrument containing regulations under subsection (1) to which subsection (4) does not apply is subject to annulment in pursuance of a resolution of Senedd Cymru.

Section 18: Coming into force
This Act comes into force on the day after the day on which this Act receives Royal Assent.

Section 19: Short title
The short title of this Act is the Welsh Elections (Coronavirus) Act 2021.",NA,294
462,30(2),Welsh Ministers may provide the SPC subgroup with a copy of the notification.,No,Welsh Ministers,Government,Provide copy,Minor Procedural Delegation,No,None,Yes,Action left to discretion,Information Sharing,Public Procurement,Notification,Output,asc/2023/1,Section 30,article,"Section 30: Social public works clauses: Welsh Ministers’ response
(1) Where the Welsh Ministers receive a notification from a contracting authority under section 29(1), they must—
(1)(a) publish a summary of the notification, and
(1)(b) consider whether they are satisfied with the reasons given in it.
(2) In considering whether they are satisfied with the reasons, the Welsh Ministers may—
(2)(a) consult the authority;
(2)(b) by notice require the authority to provide any documents or other information as the Welsh Ministers may require for the purposes of subsection (1) in such form or manner as may be specified in the notice;
(2)(c) provide the SPC public procurement subgroup (see section 9) with a copy of the notification under section 29(1) and any documents or other information received under paragraph (b);
(2)(d) consult the SPC public procurement subgroup.
(3) If, following consideration under subsection (1), the Welsh Ministers are satisfied, they must publish a summary of their reasons for being satisfied.
(4) If, following consideration under subsection (1), the Welsh Ministers are not satisfied, they may direct the contracting authority to take all reasonable steps to—
(4)(a) include social public works clauses in the major construction contract,
(4)(b) put processes in place for ensuring that obligations in social public works clauses are implemented, or
(4)(c) put processes in place for ensuring that obligations in social public works clauses are implemented where the contract is subcontracted.
(5) Where the Welsh Ministers give a direction under subsection (4), they must—
(5)(a) inform the SPC public procurement subgroup that they have given the direction, and
(5)(b) publish the direction.
(6) Where the Welsh Ministers do not give a direction under subsection (4) despite not being satisfied, they must—
(6)(a) inform the SPC public procurement subgroup that they have not given a direction, and
(6)(b) publish a summary of—
(6)(b)(i) their reasons for not being satisfied, and
(6)(b)(ii) their reasons for not giving a direction despite not being satisfied.
(7) The Welsh Ministers must take any action taken under subsections (2)(a) or (b) as soon as reasonably practicable.
(8) A contracting authority must provide any documents or other information it is required to provide under subsection (2)(b) as soon as reasonably practicable.
(9) Nothing in this section requires the Welsh Ministers to publish information which, following consultation with the appropriate contracting authority, the Welsh Ministers consider would be exempt from disclosure were it to be subject to a request for information under the  Freedom of Information Act 2000 (c. 36) .",NA,461
392,16(2)(a),A public body must consult its recognised trade unions or other representatives of its staff at a formative stage of the process.,No,Public body,Organization,Consult,Minor Procedural Delegation,No,None,No,None,Consultation Obligation,Sustainable Development,Objective setting process,Process,asc/2023/1,Section 16,article,"Section 16: Social partnership duty
(1) In carrying out sustainable development, a public body must, in so far as is reasonable, seek consensus or compromise with its recognised trade unions or (where there is no recognised trade union) other representatives of its staff on—
(1)(a) the well-being objectives to be set under section 3(2)(a) of the WFGA 2015;
(1)(b) decisions of a strategic nature to be made about the reasonable steps the body takes (in the exercise of its functions) to meet those objectives under section 3(2)(b) of the WFGA 2015.
(2) For the purposes of subsection (1), in order to seek consensus or compromise a public body must include its recognised trade unions or other representatives of its staff in the process of setting objectives or making decisions, by (in particular)—
(2)(a) consulting them at a formative stage of the process, and
(2)(b) otherwise involving them throughout the process by—
(2)(b)(i) providing sufficient information to enable them to properly consider what is proposed, and
(2)(b)(ii) providing sufficient time to enable them to adequately consider what is proposed and respond.
(3) In considering what is reasonable under subsection (1) a public body must take into account guidance published by the Welsh Ministers.
(4) The Welsh Ministers must consult with the SPC before publishing the guidance referred to in subsection (3).",NA,391
758,Section 11,The authorised undertaker must remove redundant rails and equipment from the road.,No,Authorised Undertaker,Organization,Remove redundant items,None,Yes,Unless otherwise agreed with the road works authority.,Yes,As soon as reasonably practicable.,Restoration Obligation,Infrastructure,Discontinued tramway,Process,asp/2006/6,Section 11,article,"Section 11: Restoration of roads if tramway discontinued
If the authorised undertaker permanently ceases to operate any of the authorised road tramways (“the discontinued tramway”), it shall as soon as reasonably practicable and unless otherwise agreed with the road works authority— (a) remove from the road in which the discontinued tramway is laid the rails and any other works, equipment and apparatus that have become redundant, and (b) restore, to the reasonable satisfaction of the road works authority, the portion of the road along which the discontinued tramway was laid.",NA,757
1514,3,No person may permit the use of any vehicle on a length of road specified in the Schedule when a prohibition is identified by traffic signs.,No,Person,Individual,Prohibition,Self-Execution,No,None,No,None,Traffic Restriction,Transport,Vehicle,Process,ssi/2014/382,All,full,"Section Regulation 1
This Order may be cited as the North West Scotland Trunk Roads (Temporary Prohibitions of Traffic and Overtaking and Temporary Speed Restrictions) (No. 12) Order 2014, comes into force on 1st January 2015 and ceases to have effect on 1st April 2015.

Section Regulation 2: Interpretation
In this Order a reference to a numbered column is to the column in the Schedule to this Order bearing that number.

Section Regulation 3: Prohibition on use of a road
No person may use, or permit the use of, any vehicle on a length of road, or part or parts of a length of road, specified in the Schedule when a prohibition is identified as applying to that length of road, or a part or parts of that length of road, by means of one or more of the traffic signs prescribed in Diagram 7010.1 and 7105 of the Traffic Signs Regulations 2002.

Section Regulation 4: Prohibition on overtaking
(1) No person may use, or permit the use of, any vehicle in such a way that it overtakes any other moving vehicle on a length of road, or a part or parts of a length of road, specified in the Schedule when a prohibition is identified as applying to that length of road, or a part or parts of that length of road, by means of a traffic sign prescribed in Diagram 632 of the Traffic Signs Regulations 2002.
(2) “Other moving vehicle” does not include a cycle, motor cycle, tricycle or any other vehicle not being a motor vehicle in accordance with section 140 of the Road Traffic Regulation Act

Section Regulation 5
(1) No person may drive any vehicle on a length of road, or a part or parts of a length of road, specified in column 1 of Parts 2 and 3 of the Schedule at a speed exceeding that specified in column 2 when a restriction is identified as applying to that length of road, or a part or parts of that length of road, by means of a traffic sign prescribed in Diagram 670 of the Traffic Signs Regulations 2002.
(2) When convoy working is in operation and indicated by one or more of the traffic signs prescribed in Diagrams 7011, 7025, 7026, 7027, 7028 and 7029 of the Traffic Signs Regulations 2002, no person may drive any vehicle on a length of road, or a part or parts of a length of road, specified in column 1 of Part 3 of the Schedule at a speed exceeding 10 miles per hour when a restriction is identified as applying to that length of road, or a part or parts of that length of road, by means of a traffic sign prescribed in Diagram 670 of the Traffic Signs Regulations 2002.

Section Regulation 6: Exemptions
No prohibition imposed by this Order applies to vehicles being used in an emergency for fire brigade, ambulance, police or coastguard purposes or a vehicle while being used for carrying out the works.

Section Regulation 7
No speed restriction imposed by this Order applies to vehicles falling within regulation 3(4) of the Road Traffic Exemptions (Special Forces) (Variation and Amendment) Regulations 2011 when used in accordance with regulation 3(5) of those Regulations. G REID A member of the staff of the Scottish Ministers Buchanan House, Glasgow 17th December 2014

Section Regulation 1984: Speed restriction",NA,1513
1290,3(9),Regulations may prescribe circumstances and conditions for the purposes of subsection (1).,No,Welsh Ministers,NA,Prescribe regulations.,Major Operational Delegation,No,None,Yes,May prescribe circumstances.,Regulation,Education,Circumstances and conditions,Systemic Condition,mwa/2008/2,All,full,"Section 1: Main terms used in this Measure
(1) This section applies for the purposes of this Measure.
(2) “Travel arrangements” are travel arrangements of any description and include—
(2)(a) the provision of transport;
(2)(b) the provision of one or more persons to escort a child when travelling;
(2)(c) the payment of the whole or any part of a person’s reasonable travelling expenses;
(2)(d) the payment of allowances in respect of the use of particular modes of travel.
(3) “Learners” means persons who receive education or training.
(4) The following are “relevant places”—
(4)(a) maintained schools;
(4)(b) institutions in the further education sector;
(4)(c) independent schools named in statements maintained under section 324 of the Education Act  1996 (c. 56) ;
(4)(d) non-maintained special schools;
(4)(e) pupil referral units;
(4)(f) places other than pupil referral units where education is arranged under section 19(1) of the Education Act 1996;
(4)(g) places where education or training funded by the Welsh Ministers under section 34(1) of the Learning and Skills Act  2000 (c. 21)  is provided;
(4)(h) institutions where education and training and boarding accommodation have been secured by the Welsh Ministers under section 41 of the Learning and Skills Act 2000;
(4)(h)(i) by a local authority, or
(4)(h)(ii) by any other person who is in receipt of financial assistance given by a local authority under arrangements made by them in pursuance of the duty imposed by section 118 of the School Standards and Framework Act  1998 (c. 31) ;
(4)(j) places where work experience is undertaken.

Section 2: Learner travel arrangements
(1) This section applies in relation to—
(1)(a) learners who have not attained the age of 19;
(1)(b) learners who have attained the age of 19 who have begun a course of education or training before attaining that age and continue to attend that course;
(1)(c) such other learners as may be prescribed.
(2) In each academic year, a local authority must assess the learner travel needs of their area for the following academic year. But this duty is subject to the provisions of section 5.
(3) For the purposes of subsection (2), the “learner travel needs” of a local authority’s area are the needs of learners who are ordinarily resident in the authority’s area for suitable travel arrangements each day to and from the relevant places where they receive education or training.
(4) In making an assessment under subsection (2) a local authority must have regard in particular to—
(4)(a) the needs of learners who are disabled persons,
(4)(b) the needs of learners with learning difficulties,
(4)(c) the needs of learners who are children looked after, or formerly looked after, by a local authority,
(4)(d) the age of learners, and
(4)(e) the nature of the routes which learners could reasonably be expected to take to the relevant places where they receive education or training.

Section 3: Local authority duty to make transport arrangements
(1) This section applies in relation to a child of compulsory school age if—
(1)(a) the child is ordinarily resident in a local authority’s area,
(1)(b) the circumstances set out in an entry in column 1 of the following table apply to the child, and
(1)(c) the condition, or all of the conditions, set out in the corresponding entry in column 2 of the table are met in relation to the child.
(2) The local authority must make suitable transport arrangements to facilitate the attendance of the child each day at the relevant places where the child receives education or training. But this duty is subject to the provisions of section 5.
(3) The local authority must not charge a child or a parent who is an individual for any transport arrangements made in accordance with this section.
(4) Transport arrangements made in accordance with this section may include—
(4)(a) the provision of transport;
(4)(b) the payment of the whole, but not part, of a child’s transport expenses.
(5) For the purposes of subsection (2), transport arrangements are not suitable if—
(5)(a) they cause unreasonable levels of stress for the child,
(5)(b) they take an unreasonable amount of time, or
(5)(c) they are unsafe.
(6) For the purposes of each paragraph (b) in the second column of the table in this section, the school, unit or institution is suitable for the child if the education or training provided there is suitable, having regard to the age, ability and aptitudes of the child and any learning difficulties he or she may have.
(7) The distances mentioned in column 2 of the table in this section are to be measured by the shortest available route.
(8) A route is “available” for the purposes of subsection (7) if—
(8)(a) it is safe for a child without a disability or learning difficulty to walk the route alone, or
(8)(b) it is safe for such a child to walk the route with an escort, if the age of the child would call for the provision of an escort.
(9) Regulations may prescribe circumstances and conditions for the purposes of paragraphs (b) and (c) of subsection (1); such regulations may amend the table or subsections (6), (7) and (8) (including repealing an entry in the table or those subsections).

Section 4: Local authority duty to make other travel arrangements
(1) This section applies in relation to a child of compulsory school age if—
(1)(a) the child is receiving education or training at a relevant place,
(1)(b) the child is ordinarily resident in a local authority’s area, and
(1)(c) the local authority consider that travel arrangements are necessary to facilitate the attendance of the child each day at the relevant place where the child receives education or training.
(2) The local authority must make suitable travel arrangements to facilitate the attendance of the child each day at the relevant places where the child receives education or training. But this duty is subject to the provisions of section 5.
(3) A local authority must not charge a child or a parent who is an individual for any travel arrangements made in accordance with subsection (2).
(4) Travel arrangements made in accordance with subsection (2) may include the payment of the whole, but not part, of a child’s travel expenses.
(5) In considering whether travel arrangements are suitable for the purposes of this section, a local authority must have regard in particular to—
(5)(a) the assessment they carry out in accordance with section 2(2);
(5)(b) the transport arrangements they are under a duty to make for the child under section 3;
(5)(c) the age of the child;
(5)(d) any disability or learning difficulty of the child;
(5)(e) the nature of the routes which the child could reasonably be expected to take.
(6) For the purposes of this section, travel arrangements are not suitable if—
(6)(a) they cause unreasonable levels of stress for the child,
(6)(b) they take an unreasonable amount of time, or
(6)(c) they are unsafe.
(7) In considering whether travel arrangements are necessary for the purposes of this section a local authority—
(7)(a) must have regard in particular to the matters specified in subsection (5);
(7)(b) may have regard in particular to whether or not the child is attending the nearest suitable relevant place to the child’s place of ordinary residence.
(8) Subsection (7)(b) applies if—
(8)(a) the child is not looked after by a local authority, and
(8)(b) arrangements have been made by the local authority for enabling the child to attend a suitable relevant place nearer to the child’s place of ordinary residence.
(9) For the purposes of this section, a relevant place is suitable for a child if the education or training provided there is suitable, having regard to the age, ability and aptitudes of the child and any learning difficulties he or she may have.

Section 5: Limits of learner travel duties
Section 2 does not require the assessment of learner travel needs and sections 3 and 4 do not require the making of travel arrangements— (a) for learners to travel during the day between relevant places or between different sites of the same institution, or (b) for any purpose other than attendance at a relevant place to receive education or training.

Section 6: Power of local authorities to make learner travel arrangements
(1) This section applies in relation to a learner if—
(1)(a) the learner is ordinarily resident in the local authority’s area, or
(1)(b) the learner receives education or training in the local authority’s area.
(2) The local authority may make travel arrangements to facilitate the attendance of the learner at a place where that person receives education or training.
(3) A local authority may charge for travel arrangements made under this section for registered pupils of compulsory school age in accordance with the provisions of sections 455 and 456 of the Education Act 1996.
(4) A local authority may charge for travel arrangements made under this section for other learners.

Section 7: Travel arrangements for learners in post-16 education or training
(1) This section applies in relation to learners ordinarily resident in Wales—
(1)(a) who—
(1)(a)(i) are over compulsory school age but have not attained the age of 19, or
(1)(a)(ii) have attained the age of 19 and have begun a particular course of education or training before attaining that age and continue to attend that course; and
(1)(b) who receive education or training—
(1)(b)(i) at a place in Wales, or
(1)(b)(ii) which is funded by the Welsh Ministers at a place outside Wales.
(2) Regulations may make provision about travel arrangements for learners to and from the places where they receive education or training.
(3) The regulations may in particular—
(3)(a) confer powers or impose duties on the following—
(3)(a)(i) the Welsh Ministers;
(3)(a)(ii) local authorities;
(3)(a)(iii) institutions in the further education sector;
(3)(b) specify the kinds of place to and from which travel arrangements may or must be made;
(3)(c) specify the travel arrangements that may or must be made;
(3)(d) specify the matters that must be taken into account in making decisions about travel arrangements;
(3)(e) make provision about charges;
(3)(f) require any person to give any information or other assistance that is reasonably required by any other person in connection with the performance of the other person’s functions under the regulations;
(3)(g) make provision about the standards of behaviour required of learners while travelling to and from the places where they receive education or training.

Section 8: Travel arrangements to and from nursery education
(1) Regulations may make provision about travel arrangements for children under compulsory school age to and from the places where they receive nursery education.
(2) The regulations may in particular—
(2)(a) require a local authority to make travel arrangements;
(2)(b) permit a local authority to make travel arrangements;
(2)(c) specify the kinds of place to and from which travel arrangements may or must be made;
(2)(d) specify the travel arrangements that may or must be made;
(2)(e) specify the matters that must be taken into account in making decisions about travel arrangements;
(2)(f) make provision about charges;
(2)(g) require any person to give any information or other assistance that is reasonably required by the local authority in connection with the performance of the authority’s functions under the regulations.

Section 9: Learner travel arrangements not to favour certain types of education or training
(1) This section applies if arrangements under section 3, 4, or 6 are made in respect of learners of a description set out in an entry in column 1 of the following table.
(2) Arrangements must also be made in accordance with those sections in respect of the learners of the description set out in the corresponding entry in column 2 of the table.
(3) The arrangements referred to in subsection (2) must be no less favourable than the arrangements referred to in subsection (1).

Section 10: Promoting access to education and training through the medium of the Welsh language
Each local authority and the Welsh Ministers must promote access to education and training through the medium of the Welsh language when exercising functions under this Measure.

Section 11: Sustainable modes of travel
(1) Each local authority and the Welsh Ministers must promote the use of sustainable modes of travel when exercising functions under this Measure.
(2) “Sustainable modes of travel” are modes of travel which the authority or the Welsh Ministers (as the case may be) consider may improve either or both of the following—
(2)(a) the physical well-being of those who use them;
(2)(b) the environmental well-being of—
(2)(b)(i) the whole or part of the local authority’s area, in the case of an authority, or
(2)(b)(ii) the whole or part of Wales, in the case of the Welsh Ministers.

Section 12: Travel behaviour code
(1) The Welsh Ministers must make a travel behaviour code.
(2) A travel behaviour code is a code setting out the standards of behaviour required of learners to whom subsection (3) applies while they are travelling to and from the relevant places where they receive education or training (whether or not they take advantage of travel arrangements made by a local authority).
(3) This subsection applies to—
(3)(a) learners who have not attained the age of 19;
(3)(b) learners who have attained the age of 19 who have begun a course of education or training before attaining that age and continue to attend that course;
(3)(c) such other learners as may be prescribed.
(4) The Welsh Ministers must review the travel behaviour code from time to time.
(5) The Welsh Ministers must publish the code.
(6) Before making or revising a code the Welsh Ministers must consult such persons as they consider appropriate.

Section 13: Enforcement of travel behaviour code: pupils at relevant schools
(1) Section 89 of the Education and Inspections Act 2006 is amended as follows.
(2) In subsection (2), after “The head teacher” insert .
(3) After subsection (2) insert—
(4) In subsection (3) for “The” substitute .
(5) After subsection (3) insert—
(6) In subsection (5), after “head teacher” insert .
(7) After subsection (5) insert—“of a relevant school in England”
“ (2A) The head teacher of a relevant school in Wales must in determining such measures—
(a) act in accordance with the current statement made by the governing body under section 88(2)(a),
(b) have regard to any notification or guidance given to him under section 88(2)(b), and
(c) require pupils at the school to comply with the travel behaviour code made by the Welsh Ministers under section 12 of the Learner Travel (Wales) Measure 2008. ”
“In relation to a relevant school in England, the”
“ (3A) In relation to a relevant school in Wales, the standard of behaviour which is to be regarded as acceptable must be determined by the head teacher, so far as it is not determined by—
(a) the governing body, or
(b) the Welsh Ministers. ”
“of a relevant school in England”
“ (5A) The measures which the head teacher of a relevant school in Wales determines under subsection (1) may, to such extent as is reasonable and not required by subsection (2A)(c), include measures to be taken with a view to regulating the conduct of pupils at a time when they are not on the premises of the school and are not under the lawful control or charge of a member of the staff of the school. ”

Section 14: Enforcement of travel behaviour code: withdrawal of travel arrangements
(1) This section applies to learners for whom travel arrangements are made under section 3 or 4.
(2) The local authority may withdraw travel arrangements made for a learner if—
(2)(a) the authority is satisfied that the learner has failed to comply with the travel behaviour code made under section 12, and
(2)(b) the following conditions applicable to the learner are satisfied.
(3) All six of the following conditions apply to any learner who is a registered pupil at a relevant school.
(4) The first, third and fourth of the following conditions apply to any learner who is not a registered pupil at a relevant school.
(5) The first condition is that before any decision is taken to withdraw travel arrangements—
(5)(a) the learner and the parent of the learner are given the opportunity to make representations, and
(5)(b) those representations are considered by the local authority.
(6) The second condition is that the head teacher of the relevant school at which the learner is a registered pupil—
(6)(a) is consulted about the decision to withdraw travel arrangements; and
(6)(b) is given notice of the decision at least 24 hours before the withdrawal takes effect.
(7) The third condition is that the decision to withdraw travel arrangements is reasonable in the circumstances.
(8) The fourth condition is that the local authority gives notice of the withdrawal of travel arrangements to the learner’s parent at least 24 hours before the withdrawal takes effect.
(9) The fifth condition is that the period of withdrawal does not exceed 10 consecutive school days.
(10) The sixth condition is that the period of withdrawal would not result in the learner having travel arrangements withdrawn for more than 30 school days in the school year in which the withdrawal takes effect.
(11) In determining whether a decision to withdraw travel arrangements is reasonable for the purposes of subsection (7), the following matters in particular must be taken into account—
(11)(a) whether the period of withdrawal is proportionate in the circumstances of the case,
(11)(b) any special circumstances relevant to the withdrawal of travel arrangements which are known to the local authority (or of which the authority ought to be aware) including in particular—
(11)(b)(i) the learner’s age,
(11)(b)(ii) any special educational needs the learner may have,
(11)(b)(iii) any disability the learner may have,
(11)(b)(iv) whether the learner would lose an opportunity to take a public examination, and
(11)(b)(v) whether suitable alternative travel arrangements can reasonably be made by the learner’s parent.
(12) A notice under subsection (6) or (8) must be in writing and specify—
(12)(a) the period for which travel arrangements are to be withdrawn, and
(12)(b) the authority’s reasons for withdrawal of the travel arrangements.
(13) For the purposes of this section and section 17, a “relevant school” means—
(13)(a) a maintained school,
(13)(b) a pupil referral unit, or
(13)(c) a non-maintained special school.
(14) Regulations may—
(14)(a) amend or repeal either or both of subsections (9) and (10);
(14)(b) make provision for reviews of decisions under subsection (2);
(14)(c) make provision for appeals from decisions under subsection (2).
(15) Regulations under subsection (14)(c) may in particular—
(15)(a) specify the categories of person who may appeal;
(15)(b) specify the circumstances in which appeals may be made;
(15)(c) provide for the constitution of appeals panels;
(15)(d) provide for appeal procedures;
(15)(e) make provision about the effect of appeal decisions;
(15)(f) provide for the payment of allowances to members of appeals panels;
(15)(g) require the provision of information about appeals.

Section 15: Supplementary
(1) In exercising their functions under this Measure, the following bodies must have regard to guidance given from time to time by the Welsh Ministers —
(1)(a) local authorities;
(1)(b) governing bodies of maintained schools;
(1)(c) governing bodies of institutions in the further education sector.
(2) A local authority must make such learner travel arrangements under section 3, 4 or 6 as the Welsh Ministers direct.
(3) In making arrangements under section 3, 4 or 6 a local authority must comply with any directions given by the Welsh Ministers.
(4) Directions under this section may be given to one or more local authorities or local authorities generally.

Section 16: Information about travel arrangements
Regulations may require a local authority to publish, at such times and in such manner as may be prescribed, information— (a) received while carrying out assessments under section 2(2); (b) about assessments made under that section; (c) about the travel arrangements made under this Measure; (d) about the travel behaviour code made under section 12.

Section 17: Co-operation: information or other assistance
(1) The governing body of a maintained school or an institution in the further education sector in Wales must give a local authority any information or other assistance that is reasonably required by them for the performance of their functions under this Measure.
(2) A local authority must give another local authority any information or other assistance that is reasonably required by the other authority for the performance of their functions under sections 2, 3, 4 and 6.
(3) A local authority must give the head teacher of a relevant school any information or other assistance that is reasonably required by the head teacher about the behaviour of a registered pupil of his or her school while the pupil was taking advantage of travel arrangements made by the local authority under this Measure.
(4) A head teacher of a relevant school must give a local authority any information or other assistance that is reasonably required by the local authority for the performance of their functions under section 14.

Section 18: Payment of travel costs by a local authority which looks after a child
(1) This section applies where a local authority (“authority A”) makes travel arrangements under sections 3 or 4 for a child who is looked after by a local authority responsible for a different area (“authority B”).
(2) Authority A may demand reimbursement from authority B for the full cost or part of the cost of making the travel arrangements.
(3) Authority B must comply with the demand.

Section 19: Determination of ordinary residence in particular circumstances
(1) If a person has no ordinary residence, that person is to be treated for the purposes of this Measure as being ordinarily resident at the place at which he or she is for the time being resident.
(2) Subsections (3) to (6) apply to a child or young person who is either—
(2)(a) a registered pupil at a school, or
(2)(b) enrolled as a full-time student at an institution in the further education sector.
(3) This subsection applies to a child or young person—
(3)(a) whose parents are not living together, and
(3)(b) who usually lives with more than one parent in the periods during which the child or young person receives education or training.
(4) This subsection applies to a child or young person who usually lives with a parent and also at a children’s home in the periods during which the child or young person receives education or training.
(5) For the purposes of this Measure—
(5)(a) a child or young person to whom subsection (3) applies is ordinarily resident at the places where each of his or her parents is ordinarily resident;
(5)(b) a child or young person to whom subsection (4) applies is ordinarily resident at the children’s home and the place where his or her parent is ordinarily resident.
(6) But if there are more than two such places, the child or young person is ordinarily resident at the two places nearest—
(6)(a) the school at which the child or young person is a registered pupil, or
(6)(b) the institution in the further education sector at which the child or young person is enrolled as a full-time student.
(7) In this section—
(7)(a) “children’s home” has the same meaning as in section 1 of the Care Standards Act  2000 (c. 14) ;
(7)(b) “parent” means a parent within the meaning of section 576(1) of the Education Act 1996 who is an individual.

Section 20: Amendments to section 444 of the Education Act 1996
(1) Section 444 of the Education Act 1996 (school attendance) is amended as follows.
(2) For subsection (4) substitute —
(3) In subsection (5) for “subsections (3D) and (4)” substitute .“ (4) The child is not to be taken to have failed to attend regularly at the school if the parent proves that the local authority have failed to discharge—
(a) a duty to make transport arrangements in relation to the child under section 3 of the Learner Travel (Wales) Measure 2008, or
(b) a duty to make travel arrangements in relation to the child under section 4 of that Measure. ”
“subsection (3D)”

Section 21: Amendments to the Education Act 2002
(1) The Education Act 2002 is amended as follows.
(2) Section 32 (fixing dates of terms and holidays and times of school sessions) is amended as follows—
(2)(a) in subsection (1)(b) before “the governing body” insert
(2)(b) ;
(2)(b) in subsection (2)(b) before “the times” insert
(2)(d) ;
(2)(c) after subsection (4) insert—
(3) In section 210 (orders and regulations)—
(3)(a) in subsection (1) for “the National Assembly for Wales” substitute
(3)(b) ;
(3)(b) after subsection (6) insert—
(3)(c) in subsection (7)—
(3)(c)(i) for “the National Assembly for Wales” substitute ,
(3)(c)(ii) for “the Assembly thinks” in paragraph (c) substitute .

Section 22: Amendments to sections 455 and 456 of the Education Act 1996
(1) The Education Act 1996 is amended as follows.
(2) In section 455 (permitted charges)—
(2)(a) after subsection (1)(b) insert—
(2)(b) in subsection (1)(c) after “maintained school” insert
(2)(c) ;
(2)(c) at the end of subsection (2)(b) omit “or”;
(2)(d) after subsection (2)(b) insert—
(2)(e) in subsection (3) after “entry” insert
(2)(g) .
(3) In section 456 (regulation of permitted charges), in subsection (3) after “A regulated charge” insert .“, except any charge permitted by virtue of section 455(1)(ba),”

Section 23: Amendments to the Education and Inspections Act 2006
(1) The Education and Inspections Act 2006 is amended as follows.
(2) In section 162 (power to repeal references to “local education authority”), after subsection (5) insert—
(3) In section 181—
(3)(a) for subsection (1) substitute—
(3)(b) in subsection (2)—
(3)(b)(i) for “the Assembly”, the first time that expression appears, substitute ,
(3)(b)(ii) for “the Assembly thinks” in paragraph (c) substitute .
(4) After section 182 insert—“ (5A) The Welsh Ministers may by order make such provision as appears to them to be appropriate for the purpose of—
(a) repealing any reference in a Measure of the National Assembly for Wales to a local education authority (however expressed), and
(b) replacing it, where it appears to them to be appropriate, with a reference (however expressed) to a Welsh local authority. ”
“ 182A Assembly control of orders and regulations
(1) Any statutory instrument containing an order made under section 162(5A) by the Welsh Ministers may not be made unless a draft of the instrument has been laid before, and approved by a resolution of, the Assembly.
(2) Paragraphs 33 to 35 of Schedule 11 to the Government of Wales Act 2006 make provision about the Assembly procedures that apply to any statutory instrument containing regulations or an order made in exercise of functions conferred upon the Assembly by this Act that have been transferred to the Welsh Ministers by virtue of paragraph 30 of that Schedule. ”

Section 24: General
(1) In this Measure— “academic year” (“ blwyddyn academaidd ”) means any period from 1 August to 31 July; “disability” (“ anabledd ”) and “disabled person” (“ person anabl ”) have the same meaning as in section 1 of the Disability Discrimination Act  1995 (c. 50) ; “education” (“ addysg ”) does not include higher education; “learning difficulty” (“ anhawster dysgu ”) in respect of a person means— “local authority” (“ awdurdod lleol ”) means a local education authority in Wales; but in any reference to a child looked after by a local authority it means a council of a county or county borough in Wales exercising social services functions within the meaning of the Local Authority Social Services Act  1970 (c. 42) ; “maintained school” (“ ysgol a gynhelir ”) means a community, foundation or voluntary school, a community or foundation special school or a maintained nursery school; “non-maintained special school” (“ ysgol arbennig nas cynhelir ”) means a school approved under section 342 of the Education Act 1996; “nursery education” (“ addysg feithrin ”) means education suitable for children who have not attained compulsory school age; “prescribed” (“ rhagnodi ”) means prescribed in regulations; “regulations” (“ rheoliadau ”) means regulations made by the Welsh Ministers; “work experience” (“ profiad gwaith ”) means work experience arranged for—
(1)(a) a significantly greater difficulty in learning than the majority of persons of the same age, or
(1)(b) a disability which either prevents or hinders that person from using facilities of a kind provided at relevant places,
(1)(c) but a person is not to be taken as having a learning difficulty solely because the language (or form of the language) in which the person is taught or will be taught is different from a language (or form of a language) which has at any time been spoken in the person’s home;
(1)(a) a registered pupil of a maintained school or a pupil referral unit, or
(1)(b) a student enrolled at an institution within the further education sector,
(1)(f) by, or on behalf of, the governing body of the relevant educational institution.
(2) References in this Measure to a child who is looked after by a local authority have the same meaning as they have in section 22(1) of the Children Act  1989 (c. 41) .
(3) Subject to subsection (4), the Education Act 1996 and the provisions of this Measure are to be read as if those provisions were contained in the Education Act 1996.
(4) Where an expression is given for the purposes of any provision of this Measure a meaning different from that given to it for the purposes of the Education Act 1996, the meaning given for the purposes of that provision is to apply instead of the one given for the purposes of that Act.

Section 25: Minor and consequential amendments
Schedule 1 contains minor and consequential amendments relating to the provisions made by this Measure.

Section 26: Repeals
The enactments specified in Schedule 2 are repealed to the extent specified.

Section 27: Orders and regulations
(1) Any power of the Welsh Ministers to make an order or regulations under this Measure is exercisable by statutory instrument.
(2) Any power of the Welsh Ministers to make an order or regulations under this Measure includes power—
(2)(a) to make different provision for different cases or areas;
(2)(b) to make provision generally or in relation to specific cases;
(2)(c) to make such incidental, supplementary, transitional or saving provision as the Welsh Ministers think fit.
(3) The power of the Welsh Ministers to make regulations under section 3(9), 7 or 8 also includes power to make such consequential provision as the Welsh Ministers think fit.
(4) The incidental, supplementary, transitional, saving or consequential provision to be made in regulations may include such provision that amends or repeals any provision of—
(4)(a) this Measure or any other Measure of the National Assembly for Wales passed before or in the same Assembly year as this Measure;
(4)(b) an Act passed before the passing of this Measure;
(4)(c) subordinate legislation made before the passing of this Measure.
(5) Any statutory instrument containing regulations made under this Measure is subject to annulment in pursuance of a resolution of the National Assembly for Wales.
(6) Subsection (5) does not apply to regulations to which subsection (7) applies.
(7) A statutory instrument which contains (alone or with other provisions)—
(7)(a) regulations under section 3(9),
(7)(b) regulations under section 7,
(7)(c) regulations under section 8,
(7)(d) regulations under section 14(14)(a), or
(7)(e) regulations under subsection (4) which amend or repeal any provision of an Act or Assembly Measure,
(7)(f) may not be made unless a draft of the instrument has been laid before, and approved by a resolution of, the National Assembly for Wales.

Section 28: Commencement
(1) The following provisions come into force at the end of a period of two months beginning on the day on which this Measure is approved by Her Majesty in Council— this section; section 27; section 29.
(2) The remaining provisions of this Measure come into force in accordance with provision made by the Welsh Ministers by order.

Section 29: Short title and inclusion of Measure within the Education Acts
(1) This Measure may be cited as the Learner Travel (Wales) Measure 2008.
(2) This Measure is to be included in the list of Education Acts set out in section 578 of the Education Act 1996. (introduced by section 25)",NA,1289
26,11,A person falls within the extended franchise if they would be entitled to vote at a local government election but for any disability removed by this section.,No,Person,Individual,Fall within franchise,None,Yes,Disability removal,Yes,Conditional,Franchise Extension,Electoral Law,Local government election,Process,anaw/2020/1,Section 11,article,"Section 11: Extension of right to vote in Senedd elections to qualifying foreign citizens
(1) After section 12(1A) of the 2006 Act, insert—
(2) The amendments made by this section have effect for the purposes of an election for membership of the Senedd at which a poll is held on or after 5 April 2021.“ (1B) A person falls within the extended franchise for Senedd elections if the person—
(a) is a qualifying foreign citizen (within the meaning given by section 203(1) of the  Representation of the People Act 1983 (c. 2) ), and
(b) would, but for any disability removed by this section, be entitled to vote as an elector at a local government election in an electoral area wholly or partly included within the Senedd constituency. ”",NA,25
1164,72(1)(b),A notice under section 34(1) of the 1997 Act shall not have effect if it requires steps rendered ineffective by works under this Act.,No,None,None,Nullify notice,None,Yes,Notice nullified if steps are ineffective due to works under this Act.,No,None,Notice Nullification,Heritage Conservation,Listed building,Organization,asp/2006/6,Section 72,article,"Section 72: Listed buildings and conservation areas
(1) If a listed building was such a building at the coming into force of this Act and is specified in columns (1) and (2) of Part 1 of schedule 10—
(1)(a) section 6 (Restriction on works affecting listed buildings) of the 1997 Act shall not apply to works carried out to such a building under the provisions of this Act;
(1)(b) to the extent that a notice issued in relation to the building under section 34(1) (Power to issue listed building enforcement notice) of the 1997 Act requires the taking of steps which would be rendered ineffective, or substantially ineffective, by works proposed to be carried out in exercise of the powers conferred by this Act, it shall not have effect, or, as the case may be, shall cease to have effect;
(1)(c) no steps may be taken in relation to the building under section 38(1) (Execution of works required by listed building enforcement notice) of the 1997 Act which would be rendered ineffective, or substantially ineffective, by such works as are mentioned in paragraph (b); and
(1)(d) no works may be executed for the preservation of the building under section 49 (Urgent works to preserve unoccupied listed buildings) of the 1997 Act which would be rendered ineffective, or substantially ineffective, by such works as are mentioned in paragraph (b).
(2) If a listed building was such a building at the coming into force of this Act and is not specified in Part 2 of schedule 10—
(2)(a) section 6 of the 1997 Act shall not apply to works carried out to such a building under the provisions of section 16 (Attachment of equipment to buildings for purposes of works);
(2)(b) to the extent that a notice issued in relation to the building under section 34(1) of the 1997 Act requires the taking of steps which would be rendered ineffective, or substantially ineffective, by works proposed to be carried out in exercise of the powers conferred by section 16, it shall not have effect, or, as the case may be, shall cease to have effect;
(2)(c) no steps may be taken in relation to the building under section 38(1) of the 1997 Act which would be rendered ineffective, or substantially ineffective, by such works as are mentioned in paragraph (b) of this subsection; and
(2)(d) no works may be executed for the preservation of the building under section 49 of the 1997 Act which would be rendered ineffective, or substantially ineffective, by such works as are mentioned in paragraph (b) of this subsection.
(3) In the case of any building specified in columns (1) and (2) of Part 1 of schedule 10 in relation to which any description of works is specified in column (3) of that Part of that schedule, subsection (1) shall have effect as if the references to works carried out in exercise of the powers conferred by this Act were, so far as concerns works of demolition or alteration (as opposed to extension), to works so carried out which are of a description specified in relation to it in that column.
(4) Paragraphs (a) to (d) of subsections (1) and (2) shall also apply in relation to a listed building which was not such a building immediately before the coming into force of this Act.
(5) If a building included in a conservation area and not a listed building—
(5)(a) was not included in a conservation area immediately before the coming into force of this Act, or
(5)(b) was included in such an area immediately before that date and is specified in columns (1) and (2) of Part 1 of schedule 10,
(5)(c) section 66 (Control of demolition in conservation areas) of the 1997 Act shall not apply to the demolition of it in exercise of the powers conferred by this Act.
(6) Anything which, by virtue of section 1(4) (Listing of buildings of special architectural or historic interest) of the 1997 Act is treated as part of the building for the purposes of that Act, shall be treated as part of the building for the purposes of this section.
(7) Section 53 (Acts causing or likely to result in damage to listed buildings) of the 1997 Act shall not apply to anything done in exercise of the powers conferred by this Act with respect to works.
(8) In this section— “the 1997 Act” means the Planning (Listed Buildings and Conservation Areas) (Scotland) Act  1997 (c. 9) ; “building” and “listed building” have the same meaning as in the 1997 Act; “conservation area” means an area which is designated as a conservation area under the terms of the 1997 Act; and “works” includes the attachment of equipment to buildings authorised by section 16 (Attachment of equipment to buildings for purposes of works).",NA,1163
805,18(2),"Safeguarding works may be carried out before, during, or after construction, up to 5 years after opening.",No,Authorised undertaker,Organization,Carry out safeguarding works,Major Operational Delegation,No,None,Yes,"Action is discretionary (""may"")",Safeguarding Works,Construction,Building,Structure,asp/2006/6,Section 18,article,"Section 18: Safeguarding works to buildings
(1) Subject to the following provisions of this section the authorised undertaker may at its own expense and from time to time carry out such safeguarding works to any building lying within the limits of deviation as the authorised undertaker considers to be necessary or expedient.
(2) Safeguarding works may be carried out—
(2)(a) at any time before or during the construction in the vicinity of the building of any part of the authorised works, or
(2)(b) after the completion of the construction of that part of the authorised works, at any time up to the end of the period of 5 years beginning with the day on which that part of the authorised works is first opened for use.
(3) For the purpose of determining how the functions under this section are to be exercised, the authorised undertaker may enter and survey any building falling within subsection (1) and any land belonging to it.
(4) For the purpose of carrying out safeguarding works under this section to a building the authorised undertaker may (subject to subsections (5) and (6))—
(4)(a) enter the building and any land belonging to it, and
(4)(b) where the works cannot be carried out reasonably conveniently without entering land adjacent to the building, enter the adjacent land (but not any building erected on it).
(5) Before exercising—
(5)(a) a right under subsection (1) to carry out safeguarding works to a building,
(5)(b) a right under subsection (3) to enter a building,
(5)(c) a right under subsection (4)(a) to enter a building or land, or
(5)(d) a right under subsection (4)(b) to enter land,
(5)(e) the authorised undertaker shall, except in the case of emergency, serve on the owners and occupiers of the building or land not less than 14 days' notice of its intention to exercise that right and in a case falling within paragraph (a) or (c), specifying the safeguarding works proposed to be carried out.
(6) Where notice is served under subsection (5)(a), (c) or (d), the owner or occupier of the building or land concerned may, by serving a counter-notice within the period of 10 days beginning with the day on which the notice was served, require the question whether it is necessary or expedient to carry out the safeguarding works or to enter the building or land to be referred to arbitration under section 79 (Arbitration).
(7) The authorised undertaker shall compensate the owners and occupiers of any building or land in relation to which the powers conferred by this section have been exercised for any loss or damage arising to them by reason of the exercise of those powers.
(8) Where—
(8)(a) safeguarding works are carried out under this section to a building, and
(8)(b) within the period of 5 years beginning with the day on which the part of the authorised works constructed within the vicinity of the building is first opened for use, it appears that the safeguarding works are inadequate to protect the building against damage caused by the construction or operation of that part of the works,
(8)(c) the authorised undertaker shall compensate the owners and occupiers of the building for any damage sustained by them.
(9) Nothing in this section shall relieve the authorised undertaker from any liability to pay compensation under Schedule 3 to the 1963 Act.
(10) Any compensation payable under subsection (7) or (8) shall be determined, in case of dispute, under Part II of the 1963 Act.
(11) In this section— “building” includes any structure or erection or any part of a building, structure or erection, and “safeguarding works”, in relation to a building, means—
(11)(a) underpinning, strengthening and any other works the purpose of which is to prevent damage which may be caused to the building by the construction, maintenance or operation of the authorised works; and
(11)(b) any works the purpose of which is to remedy any damage which has been caused to the building by the construction, maintenance or operation of the authorised works.",NA,804
